v    -0.2622274219   -0.05842439721 -3.569105984e-17
v    -0.2568401769   -0.05753387306    0.05805658493
v     -0.260113527   -0.05733657922    0.05805658493
v    -0.2589339074   -0.05862290642 -3.529987582e-17
v    -0.2528511558   -0.05777231697    0.05805658493
v    -0.2549203133   -0.05886281918 -3.482304272e-17
v    -0.2480120753   -0.05805874432    0.05805658493
v    -0.2500514232   -0.05915101097 -3.424442232e-17
v    -0.2421741098   -0.05840034323    0.05805658493
v    -0.2441774949   -0.05949471419 -3.354611932e-17
v    -0.2351778065   -0.05880432927    0.05805658493
v    -0.2371380932   -0.05990118885 -3.270893064e-17
v     -0.226859936   -0.05927749289    0.05805658493
v    -0.2287689833   -0.06037726723 -3.171316167e-17
v    -0.2170641303   -0.05982564295    0.05805658493
v    -0.2189128338   -0.06092879399 -3.053990275e-17
v    -0.2056557096   -0.06045258836    0.05805658493
v    -0.2074341353   -0.06155960148 -2.917279343e-17
v    -0.1925404049    -0.0611580671    0.05805658493
v    -0.1942380382   -0.06226942609 -2.760020184e-17
v    -0.1776857311    -0.0619365735    0.05805658493
v    -0.1792918572   -0.06305272822 -2.581778599e-17
v    -0.1611420523   -0.06277458294    0.05805658493
v    -0.1626462666   -0.06389589993 -2.383091844e-17
v    -0.1430592391   -0.06364704565    0.05805658493
v    -0.1444520603   -0.06477373715 -2.165652283e-17
v    -0.1236941188   -0.06451577323    0.05805658493
v    -0.1249676476   -0.06564781624 -1.932389237e-17
v    -0.1034043713   -0.06532691447    0.05805658493
v     -0.104552912   -0.06646395424 -1.687378235e-17
v   -0.08262718252   -0.06601301604    0.05805658493
v   -0.08364773234   -0.06715428231 -1.435590661e-17
v   -0.06273690979   -0.06764322772 -1.182500869e-17
v   -0.06184438542    -0.0664989679    0.05805658493
v   -0.04230725346   -0.06787629211 -9.337368447e-18
v   -0.04153980862   -0.06673060537    0.05805658493
v   -0.02280332846   -0.06790138657 -6.950363107e-18
v    -0.0221552954   -0.06675554619    0.05805658493
v  -0.004589532061   -0.06767341913 -4.705857381e-18
v  -0.004053012041   -0.06652897447    0.05805658493
v    0.01206888502   -0.06714690267 -2.633549831e-18
v    0.01250341473   -0.06600568158    0.05805658493
v    0.02701126276   -0.06630227765 -7.519179572e-19
v    0.02735430853   -0.06516622774    0.05805658493
v    0.04017499666   -0.06514367775  9.311182847e-19
v    0.04043744814    -0.0640147213    0.05805658493
v    0.05157781576   -0.06368911787  2.416626981e-18
v    0.05177045406   -0.06256906689    0.05805658493
v    0.06129624463   -0.06196336503  3.712463146e-18
v    0.06142938234   -0.06085387988    0.05805658493
v     0.0694403688   -0.05998468654   4.83098982e-18
v    0.06952364453   -0.05888731575    0.05805658493
v    0.07612734672   -0.05775617627  5.786365328e-18
v    0.07616968176   -0.05667244942    0.05805658493
v    0.08144886576   -0.05525660474  6.591118068e-18
v    0.08145862008   -0.05418818139    0.05805658493
v    0.08541997872    -0.0524411495  7.249836058e-18
v     0.0854054201   -0.05138996364    0.05805658493
v    0.08791513697   -0.04931404074  7.746885001e-18
v    0.08788530187   -0.04828200044    0.05805658493
v        0.0888186       -0.0461656  8.050313706e-18
v     0.0887832335   -0.04515283587    0.05805658493
v    0.08827490255   -0.04188351458    0.05805658493
v    0.08830713765   -0.04287613916  8.189099018e-18
v    0.08613914344   -0.03845217975    0.05805658493
v    0.08615822191   -0.03942366674  8.137335704e-18
v    0.08246695373   -0.03518077636    0.05805658493
v    0.08246341091   -0.03613211097  7.886401519e-18
v    0.07738654429   -0.03210251983    0.05805658493
v    0.07735170532   -0.03303489187  7.450048103e-18
v    0.07088517977   -0.02919567602    0.05805658493
v    0.07081029132   -0.03011014143  6.828045245e-18
v    0.06286912001   -0.02646591556    0.05805658493
v    0.06274485132    -0.0273635652  6.008493007e-18
v    0.05321771582   -0.02395403483    0.05805658493
v     0.0530339929   -0.02483621086  4.974011658e-18
v     0.0418174173   -0.02173367123    0.05805658493
v    0.04156346666   -0.02260216947  3.706072916e-18
v    0.02859138756   -0.01990521913    0.05805658493
v     0.0282559624    -0.0207624538  2.189023762e-18
v    0.01352752835   -0.01858348838    0.05805658493
v    0.01309930735   -0.01943258097  4.143000771e-19
v  -0.003297597951   -0.01788399675    0.05805658493
v  -0.003829464496   -0.01872878035 -1.615781189e-18
v   -0.02170203273   -0.01790681527    0.05805658493
v   -0.02234727361   -0.01875173944 -3.884964595e-18
v   -0.04139199354   -0.01871487988    0.05805658493
v   -0.04215852782   -0.01956478186 -6.360927989e-18
v   -0.06197415148   -0.02030563042    0.05805658493
v   -0.06286747523   -0.02116533168 -8.995048016e-18
v   -0.08299330635   -0.02251027428    0.05805658493
v   -0.08401611155   -0.02338355652 -1.172083609e-17
v    -0.1051081124   -0.02608846315 -1.446948899e-17
v    -0.1039561725   -0.02519862026    0.05805658493
v    -0.1256529239   -0.02914667507 -1.717276422e-17
v    -0.1243751994   -0.02823810844    0.05805658493
v    -0.1452108209   -0.03241304185  -1.97679231e-17
v    -0.1438133543   -0.03148447705    0.05805658493
v    -0.1634270144   -0.03574617045 -2.220285867e-17
v      -0.16191802   -0.03479719874    0.05805658493
v    -0.1800517238   -0.03902271033 -2.443942859e-17
v    -0.1784409455   -0.03805367817    0.05805658493
v    -0.1949443368   -0.04214277813 -2.645429672e-17
v    -0.1932423792   -0.04115464351    0.05805658493
v    -0.2080646211   -0.04503495449 -2.823816287e-17
v    -0.2062823352   -0.04402911268    0.05805658493
v    -0.2194546801   -0.04765486832 -2.979346626e-17
v    -0.2176026592   -0.04663298622    0.05805658493
v    -0.2292171771   -0.04998182598 -3.113151239e-17
v    -0.2273053858   -0.04894569719    0.05805658493
v    -0.2374935322   -0.05201427697 -3.226952529e-17
v    -0.2355310693    -0.0509657046    0.05805658493
v    -0.2444452005   -0.05376437061 -3.322802145e-17
v    -0.2424401764   -0.05270508339    0.05805658493
v    -0.2502389046   -0.05525338751 -3.402872156e-17
v    -0.2481984088   -0.05418498386    0.05805658493
v    -0.2550363143   -0.05650763417 -3.469303526e-17
v    -0.2529664466   -0.05543155146    0.05805658493
v    -0.2589875068   -0.05755531641 -3.524106882e-17
v    -0.2568934481   -0.05647281932    0.05805658493
v    -0.2547464464    -0.0564448397     0.1161131699
v    -0.2579996322   -0.05624876122     0.1161131699
v    -0.2507819984   -0.05668181475     0.1161131699
v    -0.2459727274   -0.05696647766     0.1161131699
v    -0.2401707247   -0.05730597228     0.1161131699
v    -0.2332175197    -0.0577074697     0.1161131699
v    -0.2249508888   -0.05817771855     0.1161131699
v    -0.2152154268   -0.05872249191     0.1161131699
v    -0.2038772838   -0.05934557523     0.1161131699
v    -0.1908427715   -0.06004670811     0.1161131699
v     -0.176079605   -0.06082041879     0.1161131699
v    -0.1596378379   -0.06165326594     0.1161131699
v    -0.1416664179   -0.06252035414     0.1161131699
v    -0.1224205899   -0.06338373022     0.1161131699
v    -0.1022558306   -0.06418987469     0.1161131699
v    -0.0816066327   -0.06487174977     0.1161131699
v   -0.06095186104   -0.06535470809     0.1161131699
v   -0.04077236377   -0.06558491863     0.1161131699
v   -0.02150726234   -0.06560970581     0.1161131699
v  -0.003516492021    -0.0653845298     0.1161131699
v    0.01293794444   -0.06486446049     0.1161131699
v    0.02769735429   -0.06403017782     0.1161131699
v    0.04069989961   -0.06288576485     0.1161131699
v    0.05196309236   -0.06144901591     0.1161131699
v    0.06156252005   -0.05974439474     0.1161131699
v    0.06960692026   -0.05778994497     0.1161131699
v    0.07621201681   -0.05558872258     0.1161131699
v     0.0814683744   -0.05311975805     0.1161131699
v    0.08539086148   -0.05033877777     0.1161131699
v    0.08785546678   -0.04724996013     0.1161131699
v    0.08874786699   -0.04414007173     0.1161131699
v    0.08824266745      -0.04089089     0.1161131699
v    0.08612006496   -0.03748069275     0.1161131699
v    0.08247049654   -0.03422944175     0.1161131699
v    0.07742138327   -0.03117014778     0.1161131699
v    0.07096006822   -0.02828121061     0.1161131699
v     0.0629933887   -0.02556826592     0.1161131699
v    0.05340143875   -0.02307185879     0.1161131699
v    0.04207136794     -0.020865173     0.1161131699
v    0.02892681271   -0.01904798446     0.1161131699
v    0.01395574935   -0.01773439579     0.1161131699
v  -0.002765731406   -0.01703921314     0.1161131699
v   -0.02105679184    -0.0170618911     0.1161131699
v   -0.04062545926   -0.01786497789     0.1161131699
v   -0.06108082772   -0.01944592915     0.1161131699
v   -0.08197050115   -0.02163699205     0.1161131699
v    -0.1028042326   -0.02430877737     0.1161131699
v     -0.123097475    -0.0273295418     0.1161131699
v    -0.1424158876   -0.03055591225     0.1161131699
v    -0.1604090256   -0.03384822703     0.1161131699
v    -0.1768301671   -0.03708464601     0.1161131699
v    -0.1915404216    -0.0401665089     0.1161131699
v    -0.2045000493   -0.04302327086     0.1161131699
v    -0.2157506383   -0.04561110411     0.1161131699
v    -0.2253935945   -0.04790956841     0.1161131699
v    -0.2335686065   -0.04991713224     0.1161131699
v    -0.2404351522   -0.05164579617     0.1161131699
v     -0.246157913   -0.05311658021     0.1161131699
v    -0.2508965789   -0.05435546875     0.1161131699
v    -0.2547993895   -0.05539032223     0.1161131699
v    -0.2526527159   -0.05535580635     0.1741697548
v    -0.2558857373   -0.05516094323     0.1741697548
v    -0.2487128409   -0.05559131254     0.1741697548
v    -0.2439333794   -0.05587421101     0.1741697548
v    -0.2381673396   -0.05621160132     0.1741697548
v     -0.231257233   -0.05661061012     0.1741697548
v    -0.2230418415    -0.0570779442     0.1741697548
v    -0.2133667233   -0.05761934088     0.1741697548
v    -0.2020988581   -0.05823856211     0.1741697548
v    -0.1891451382   -0.05893534912     0.1741697548
v    -0.1744734789   -0.05970426407     0.1741697548
v    -0.1581336236   -0.06053194895     0.1741697548
v    -0.1402735967   -0.06139366264     0.1741697548
v     -0.121147061   -0.06225168721     0.1741697548
v    -0.1011072899   -0.06305283492     0.1741697548
v   -0.08058608289   -0.06373048349     0.1741697548
v   -0.06005933667   -0.06421044827     0.1741697548
v   -0.04000491893    -0.0644392319     0.1741697548
v   -0.02085922929   -0.06446386543     0.1741697548
v  -0.002979972001   -0.06424008514     0.1741697548
v    0.01337247415    -0.0637232394     0.1741697548
v    0.02804040006   -0.06289412791     0.1741697548
v    0.04096235109   -0.06175680841     0.1741697548
v    0.05215573065   -0.06032896493     0.1741697548
v    0.06169565777   -0.05863490959     0.1741697548
v    0.06969019599   -0.05669257418     0.1741697548
v    0.07625435186   -0.05450499573     0.1741697548
v    0.08147812872    -0.0520513347     0.1741697548
v    0.08537630287   -0.04928759191     0.1741697548
v    0.08782563168   -0.04621791983     0.1741697548
v    0.08871250049    -0.0431273076     0.1741697548
v    0.08821043235   -0.03989826542     0.1741697548
v    0.08610098649   -0.03650920576     0.1741697548
v    0.08247403936   -0.03327810714     0.1741697548
v    0.07745622224   -0.03023777574     0.1741697548
v    0.07103495666    -0.0273667452     0.1741697548
v     0.0631176574   -0.02467061629     0.1741697548
v    0.05358516168   -0.02218968275     0.1741697548
v    0.04232531858   -0.01999667477     0.1741697548
v    0.02926223787   -0.01819074979     0.1741697548
v    0.01438397035    -0.0168853032     0.1741697548
v  -0.002233864861   -0.01619442953     0.1741697548
v   -0.02041155095   -0.01621696693     0.1741697548
v   -0.03985892498   -0.01701507591     0.1741697548
v   -0.06018750397   -0.01858622788     0.1741697548
v   -0.08094769595   -0.02076370981     0.1741697548
v    -0.1016522927   -0.02341893448     0.1741697548
v    -0.1218197505   -0.02642097517     0.1741697548
v    -0.1410184209   -0.02962734745     0.1741697548
v    -0.1589000312   -0.03289925532     0.1741697548
v    -0.1752193888   -0.03611561386     0.1741697548
v     -0.189838464   -0.03917837429     0.1741697548
v    -0.2027177635   -0.04201742905     0.1741697548
v    -0.2138986174   -0.04458922201     0.1741697548
v    -0.2234818032   -0.04687343963     0.1741697548
v    -0.2316061436   -0.04886855988     0.1741697548
v    -0.2384301281   -0.05058650895     0.1741697548
v    -0.2441174173   -0.05204817656     0.1741697548
v    -0.2488267113   -0.05327938604     0.1741697548
v    -0.2527053308   -0.05430782513     0.1741697548
v    -0.2505589855   -0.05426677299     0.2322263397
v    -0.2537718425   -0.05407312523     0.2322263397
v    -0.2466436835   -0.05450081033     0.2322263397
v    -0.2418940315   -0.05478194436     0.2322263397
v    -0.2361639545   -0.05511723037     0.2322263397
v    -0.2292969463   -0.05551375054     0.2322263397
v    -0.2211327942   -0.05597816986     0.2322263397
v    -0.2115180198   -0.05651618984     0.2322263397
v    -0.2003204323   -0.05713154899     0.2322263397
v    -0.1874475049   -0.05782399014     0.2322263397
v    -0.1728673528   -0.05858810936     0.2322263397
v    -0.1566294093   -0.05941063196     0.2322263397
v    -0.1388807755   -0.06026697113     0.2322263397
v    -0.1198735321    -0.0611196442     0.2322263397
v   -0.09995874918   -0.06191579515     0.2322263397
v   -0.07956553307   -0.06258921722     0.2322263397
v    -0.0591668123   -0.06306618846     0.2322263397
v   -0.03923747408   -0.06329354516     0.2322263397
v   -0.02021119623   -0.06331802506     0.2322263397
v  -0.002443451981   -0.06309564048     0.2322263397
v    0.01380700386   -0.06258201831     0.2322263397
v    0.02838344582   -0.06175807799     0.2322263397
v    0.04122480257   -0.06062785196     0.2322263397
v    0.05234836895   -0.05920891395     0.2322263397
v    0.06182879548   -0.05752542445     0.2322263397
v    0.06977347172   -0.05559520339     0.2322263397
v    0.07629668691   -0.05342126888     0.2322263397
v    0.08148788304   -0.05098291135     0.2322263397
v    0.08536174425   -0.04823640604     0.2322263397
v    0.08779579658   -0.04518587953     0.2322263397
v    0.08867713399   -0.04211454346     0.2322263397
v    0.08817819725   -0.03890564084     0.2322263397
v    0.08608190802   -0.03553771877     0.2322263397
v    0.08247758218   -0.03232677253     0.2322263397
v    0.07749106122   -0.02930540369     0.2322263397
v    0.07110984511   -0.02645227979     0.2322263397
v    0.06324192609   -0.02377296665     0.2322263397
v    0.05376888461   -0.02130750671     0.2322263397
v    0.04257926922   -0.01912817653     0.2322263397
v    0.02959766303   -0.01733351512     0.2322263397
v    0.01481219136   -0.01603621061     0.2322263397
v  -0.001701998316   -0.01534964593     0.2322263397
v   -0.01976631007   -0.01537204276     0.2322263397
v    -0.0390923907   -0.01616517393     0.2322263397
v   -0.05929418022   -0.01772652661     0.2322263397
v   -0.07992489075   -0.01989042758     0.2322263397
v    -0.1005003528   -0.02252909159     0.2322263397
v    -0.1205420261   -0.02551240853     0.2322263397
v    -0.1396209542   -0.02869878266     0.2322263397
v    -0.1573910368   -0.03195028361     0.2322263397
v    -0.1736086105    -0.0351465817     0.2322263397
v    -0.1881365064   -0.03819023967     0.2322263397
v    -0.2009354776   -0.04101158723     0.2322263397
v    -0.2120465964    -0.0435673399     0.2322263397
v    -0.2215700119   -0.04583731084     0.2322263397
v    -0.2296436807   -0.04781998752     0.2322263397
v     -0.236425104   -0.04952722173     0.2322263397
v    -0.2420769215   -0.05097977291     0.2322263397
v    -0.2467568436   -0.05220330333     0.2322263397
v    -0.2506112722   -0.05322532804     0.2322263397
v     -0.248465255   -0.05317773963     0.2902829246
v    -0.2516579476   -0.05298530724     0.2902829246
v     -0.244574526   -0.05341030812     0.2902829246
v    -0.2398546836   -0.05368967771     0.2902829246
v    -0.2341605694   -0.05402285941     0.2902829246
v    -0.2273366596   -0.05441689097     0.2902829246
v     -0.219223747   -0.05487839552     0.2902829246
v    -0.2096693163    -0.0554130388     0.2902829246
v    -0.1985420066   -0.05602453586     0.2902829246
v    -0.1857498716   -0.05671263115     0.2902829246
v    -0.1712612267   -0.05747195464     0.2902829246
v     -0.155125195   -0.05828931497     0.2902829246
v    -0.1374879543   -0.05914027963     0.2902829246
v    -0.1186000032   -0.05998760119     0.2902829246
v   -0.09881020846   -0.06077875538     0.2902829246
v   -0.07854498325   -0.06144795095     0.2902829246
v   -0.05827428792   -0.06192192864     0.2902829246
v   -0.03847002924   -0.06214785842     0.2902829246
v   -0.01956316317   -0.06217218468     0.2902829246
v  -0.001906931961   -0.06195119582     0.2902829246
v    0.01424153357   -0.06144079722     0.2902829246
v    0.02872649159   -0.06062202807     0.2902829246
v    0.04148725405   -0.05949889551     0.2902829246
v    0.05254100725   -0.05808886298     0.2902829246
v    0.06196193319    -0.0564159393     0.2902829246
v    0.06985674745   -0.05449783261     0.2902829246
v    0.07633902195   -0.05233754204     0.2902829246
v    0.08149763736     -0.049914488     0.2902829246
v    0.08534718563   -0.04718522017     0.2902829246
v    0.08776596149   -0.04415383923     0.2902829246
v    0.08864176749   -0.04110177933     0.2902829246
v    0.08814596215   -0.03791301626     0.2902829246
v    0.08606282954   -0.03456623178     0.2902829246
v      0.082481125   -0.03137543792     0.2902829246
v    0.07752590019   -0.02837303165     0.2902829246
v    0.07118473356   -0.02553781438     0.2902829246
v    0.06336619478   -0.02287531702     0.2902829246
v    0.05395260754   -0.02042533067     0.2902829246
v    0.04283321986    -0.0182596783     0.2902829246
v    0.02993308818   -0.01647628046     0.2902829246
v    0.01524041236   -0.01518711802     0.2902829246
v   -0.00117013177   -0.01450486232     0.2902829246
v   -0.01912106918   -0.01452711858     0.2902829246
v   -0.03832585642   -0.01531527195     0.2902829246
v   -0.05840085646   -0.01686682535     0.2902829246
v   -0.07890208555   -0.01901714534     0.2902829246
v   -0.09934841294    -0.0216392487     0.2902829246
v    -0.1192643016    -0.0246038419     0.2902829246
v    -0.1382234875   -0.02777021786     0.2902829246
v    -0.1558820424    -0.0310013119     0.2902829246
v    -0.1719978321   -0.03417754954     0.2902829246
v    -0.1864345488   -0.03720210506     0.2902829246
v    -0.1991531917   -0.04000574541     0.2902829246
v    -0.2101945755    -0.0425454578     0.2902829246
v    -0.2196582205   -0.04480118206     0.2902829246
v    -0.2276812178   -0.04677141516     0.2902829246
v    -0.2344200799   -0.04846793451     0.2902829246
v    -0.2400364257   -0.04991136926     0.2902829246
v    -0.2446869759   -0.05112722061     0.2902829246
v    -0.2485172136   -0.05214283095     0.2902829246
v    -0.2463715245   -0.05208870627     0.3483395096
v    -0.2495440528   -0.05189748924     0.3483395096
v    -0.2425053685   -0.05231980591     0.3483395096
v    -0.2378153357   -0.05259741106     0.3483395096
v    -0.2321571843   -0.05292848845     0.3483395096
v    -0.2253763729   -0.05332003139     0.3483395096
v    -0.2173146997   -0.05377862118     0.3483395096
v    -0.2078206128   -0.05430988777     0.3483395096
v    -0.1967635808   -0.05491752274     0.3483395096
v    -0.1840522382   -0.05560127216     0.3483395096
v    -0.1696551006   -0.05635579993     0.3483395096
v    -0.1536209807   -0.05716799798     0.3483395096
v    -0.1360951331   -0.05801358812     0.3483395096
v    -0.1173264743   -0.05885555818     0.3483395096
v   -0.09766166775    -0.0596417156     0.3483395096
v   -0.07752443343   -0.06030668468     0.3483395096
v   -0.05738176355   -0.06077766883     0.3483395096
v   -0.03770258439   -0.06100217168     0.3483395096
v   -0.01891513011    -0.0610263443     0.3483395096
v  -0.001370411941   -0.06080675116     0.3483395096
v    0.01467606328   -0.06029957613     0.3483395096
v    0.02906953736   -0.05948597816     0.3483395096
v    0.04174970552   -0.05836993906     0.3483395096
v    0.05273364555     -0.056968812     0.3483395096
v    0.06209507091   -0.05530645415     0.3483395096
v    0.06994002318   -0.05340046182     0.3483395096
v      0.076381357   -0.05125381519     0.3483395096
v    0.08150739167   -0.04884606466     0.3483395096
v    0.08533262701   -0.04613403431     0.3483395096
v    0.08773612639   -0.04312179892     0.3483395096
v    0.08860640098   -0.04008901519     0.3483395096
v    0.08811372705   -0.03692039169     0.3483395096
v    0.08604375107   -0.03359474478     0.3483395096
v    0.08248466782   -0.03042410331     0.3483395096
v    0.07756073916    -0.0274406596     0.3483395096
v    0.07125962201   -0.02462334897     0.3483395096
v    0.06349046348   -0.02197766738     0.3483395096
v    0.05413633047   -0.01954315464     0.3483395096
v     0.0430871705   -0.01739118007     0.3483395096
v    0.03026851334   -0.01561904579     0.3483395096
v    0.01566863336   -0.01433802543     0.3483395096
v -0.0006382652255   -0.01366007872     0.3483395096
v   -0.01847582829   -0.01368219441     0.3483395096
v   -0.03755932214   -0.01446536996     0.3483395096
v   -0.05750753271   -0.01600712408     0.3483395096
v   -0.07787928035    -0.0181438631     0.3483395096
v   -0.09819647304   -0.02074940582     0.3483395096
v    -0.1179865771   -0.02369527526     0.3483395096
v    -0.1368260208   -0.02684165306     0.3483395096
v     -0.154373048   -0.03005234019     0.3483395096
v    -0.1703870538   -0.03320851738     0.3483395096
v    -0.1847325912   -0.03621397045     0.3483395096
v    -0.1973709059    -0.0389999036     0.3483395096
v    -0.2083425546    -0.0415235757     0.3483395096
v    -0.2177464292   -0.04376505328     0.3483395096
v    -0.2257187549    -0.0457228428     0.3483395096
v    -0.2324150558   -0.04740864729     0.3483395096
v      -0.23799593   -0.04884296561     0.3483395096
v    -0.2426171083    -0.0500511379     0.3483395096
v    -0.2464231549   -0.05106033386     0.3483395096
v     -0.244277794   -0.05099967291     0.4063960945
v    -0.2474301579   -0.05080967124     0.4063960945
v    -0.2404362111    -0.0512293037     0.4063960945
v    -0.2357759877   -0.05150514441     0.4063960945
v    -0.2301537992    -0.0518341175     0.4063960945
v    -0.2234160861   -0.05222317181     0.4063960945
v    -0.2154056524   -0.05267884683     0.4063960945
v    -0.2059719093   -0.05320673673     0.4063960945
v    -0.1949851551   -0.05381050962     0.4063960945
v    -0.1823546049   -0.05448991317     0.4063960945
v    -0.1680489745   -0.05523964521     0.4063960945
v    -0.1521167664   -0.05604668099     0.4063960945
v    -0.1347023118   -0.05688689662     0.4063960945
v    -0.1160529454   -0.05772351517     0.4063960945
v   -0.09651312704   -0.05850467583     0.4063960945
v   -0.07650388362   -0.05916541841     0.4063960945
v   -0.05648923918   -0.05963340901     0.4063960945
v   -0.03693513955   -0.05985648494     0.4063960945
v   -0.01826709705   -0.05988050392     0.4063960945
v -0.0008338919212    -0.0596623065     0.4063960945
v      0.015110593   -0.05915835504     0.4063960945
v    0.02941258312   -0.05834992824     0.4063960945
v      0.042012157   -0.05724098262     0.4063960945
v    0.05292628385   -0.05584876102     0.4063960945
v    0.06222820862   -0.05419696901     0.4063960945
v     0.0700232989   -0.05230309103     0.4063960945
v    0.07642369205   -0.05017008834     0.4063960945
v    0.08151714599   -0.04777764131     0.4063960945
v     0.0853180684   -0.04508284844     0.4063960945
v    0.08770629129   -0.04208975862     0.4063960945
v    0.08857103448   -0.03907625106     0.4063960945
v    0.08808149195   -0.03592776711     0.4063960945
v     0.0860246726   -0.03262325779     0.4063960945
v    0.08248821064    -0.0294727687     0.4063960945
v    0.07759557814   -0.02650828756     0.4063960945
v    0.07133451046   -0.02370888357     0.4063960945
v    0.06361473217   -0.02108001774     0.4063960945
v    0.05432005339    -0.0186609786     0.4063960945
v    0.04334112114   -0.01652268183     0.4063960945
v    0.03060393849   -0.01476181112     0.4063960945
v    0.01609685437   -0.01348893284     0.4063960945
v -0.0001063986804   -0.01281529511     0.4063960945
v   -0.01783058741   -0.01283727024     0.4063960945
v   -0.03679278786   -0.01361546798     0.4063960945
v   -0.05661420896   -0.01514742281     0.4063960945
v   -0.07685647515   -0.01727058087     0.4063960945
v   -0.09704453314   -0.01985956293     0.4063960945
v    -0.1167088527   -0.02278670863     0.4063960945
v    -0.1354285541   -0.02591308826     0.4063960945
v    -0.1528640536   -0.02910336848     0.4063960945
v    -0.1687762755   -0.03223948523     0.4063960945
v    -0.1830306336   -0.03522583583     0.4063960945
v      -0.19558862   -0.03799406178     0.4063960945
v    -0.2064905337   -0.04050169359     0.4063960945
v    -0.2158346379   -0.04272892449     0.4063960945
v    -0.2237562921   -0.04467427044     0.4063960945
v    -0.2304100317   -0.04634936007     0.4063960945
v    -0.2359554342   -0.04777456196     0.4063960945
v    -0.2405472406   -0.04897505519     0.4063960945
v    -0.2443290963   -0.04997783676     0.4063960945
v    -0.2421840635   -0.04991063956     0.4644526794
v    -0.2453162631   -0.04972185325     0.4644526794
v    -0.2383670536   -0.05013880149     0.4644526794
v    -0.2337366398   -0.05041287776     0.4644526794
v    -0.2281504141   -0.05073974654     0.4644526794
v    -0.2214557994   -0.05112631224     0.4644526794
v    -0.2134966051   -0.05157907249     0.4644526794
v    -0.2041232058   -0.05210358569     0.4644526794
v    -0.1932067293   -0.05270349649     0.4644526794
v    -0.1806569716   -0.05337855418     0.4644526794
v    -0.1664428484   -0.05412349049     0.4644526794
v    -0.1506125521   -0.05492536399     0.4644526794
v    -0.1333094906   -0.05576020511     0.4644526794
v    -0.1147794165   -0.05659147216     0.4644526794
v   -0.09536458632   -0.05736763606     0.4644526794
v    -0.0754833338   -0.05802415214     0.4644526794
v    -0.0555967148    -0.0584891492     0.4644526794
v    -0.0361676947    -0.0587107982     0.4644526794
v   -0.01761906399   -0.05873466354     0.4644526794
v -0.0002973719013   -0.05851786184     0.4644526794
v    0.01554512271   -0.05801713395     0.4644526794
v    0.02975562889   -0.05721387832     0.4644526794
v    0.04227460848   -0.05611202617     0.4644526794
v    0.05311892215   -0.05472871004     0.4644526794
v    0.06236134634   -0.05308748386     0.4644526794
v    0.07010657463   -0.05120572025     0.4644526794
v     0.0764660271    -0.0490863615     0.4644526794
v    0.08152690031   -0.04670921796     0.4644526794
v    0.08530350978   -0.04403166257     0.4644526794
v     0.0876764562   -0.04105771832     0.4644526794
v    0.08853566798   -0.03806348692     0.4644526794
v    0.08804925684   -0.03493514253     0.4644526794
v    0.08600559412    -0.0316517708     0.4644526794
v    0.08249175345   -0.02852143409     0.4644526794
v    0.07763041711   -0.02557591552     0.4644526794
v    0.07140939891   -0.02279441816     0.4644526794
v    0.06373900086   -0.02018236811     0.4644526794
v    0.05450377632   -0.01777880256     0.4644526794
v    0.04359507178    -0.0156541836     0.4644526794
v    0.03093936365   -0.01390457645     0.4644526794
v    0.01652507537   -0.01263984025     0.4644526794
v  0.0004254678646    -0.0119705115     0.4644526794
v   -0.01718534652   -0.01199234607     0.4644526794
v   -0.03602625358     -0.012765566     0.4644526794
v    -0.0557208852   -0.01428772154     0.4644526794
v   -0.07583366995   -0.01639729863     0.4644526794
v   -0.09589259324   -0.01896972004     0.4644526794
v    -0.1154311282   -0.02187814199     0.4644526794
v    -0.1340310875   -0.02498452346     0.4644526794
v    -0.1513550592   -0.02815439677     0.4644526794
v    -0.1671654971   -0.03127045307     0.4644526794
v     -0.181328676   -0.03423770122     0.4644526794
v    -0.1938063341   -0.03698821997     0.4644526794
v    -0.2046385127   -0.03947981149     0.4644526794
v    -0.2139228466   -0.04169279571     0.4644526794
v    -0.2217938292   -0.04362569808     0.4644526794
v    -0.2284050076   -0.04529007285     0.4644526794
v    -0.2339149384   -0.04670615831     0.4644526794
v    -0.2384773729   -0.04789897248     0.4644526794
v    -0.2422350376   -0.04889533967     0.4644526794
v    -0.2400903331    -0.0488216062     0.5225092643
v    -0.2432023682   -0.04863403525     0.5225092643
v    -0.2362978962   -0.04904829927     0.5225092643
v    -0.2316972919   -0.04932061111     0.5225092643
v     -0.226147029   -0.04964537558     0.5225092643
v    -0.2194955127   -0.05002945266     0.5225092643
v    -0.2115875579   -0.05047929815     0.5225092643
v    -0.2022745023   -0.05100043466     0.5225092643
v    -0.1914283035   -0.05159648337     0.5225092643
v    -0.1789593383   -0.05226719519     0.5225092643
v    -0.1648367223   -0.05300733578     0.5225092643
v    -0.1491083377     -0.053804047     0.5225092643
v    -0.1319166694   -0.05463351361     0.5225092643
v    -0.1135058876   -0.05545942915     0.5225092643
v   -0.09421604561   -0.05623059628     0.5225092643
v   -0.07446278398   -0.05688288587     0.5225092643
v   -0.05470419043   -0.05734488938     0.5225092643
v   -0.03540024986   -0.05756511146     0.5225092643
v   -0.01697103093   -0.05758882316     0.5225092643
v  0.0002391481186   -0.05737341718     0.5225092643
v    0.01597965242   -0.05687591286     0.5225092643
v    0.03009867465   -0.05607782841     0.5225092643
v    0.04253705995   -0.05498306972     0.5225092643
v    0.05331156045   -0.05360865906     0.5225092643
v    0.06249448405   -0.05197799872     0.5225092643
v    0.07018985036   -0.05010834946     0.5225092643
v    0.07650836215   -0.04800263465     0.5225092643
v    0.08153665463   -0.04564079461     0.5225092643
v    0.08528895116   -0.04298047671     0.5225092643
v     0.0876466211   -0.04002567802     0.5225092643
v    0.08850030147   -0.03705072279     0.5225092643
v    0.08801702174   -0.03394251795     0.5225092643
v    0.08598651565   -0.03068028381     0.5225092643
v    0.08249529627   -0.02757009948     0.5225092643
v    0.07766525609   -0.02464354347     0.5225092643
v    0.07148428735   -0.02187995275     0.5225092643
v    0.06386326956   -0.01928471847     0.5225092643
v    0.05468749925   -0.01689662652     0.5225092643
v    0.04384902242   -0.01478568537     0.5225092643
v    0.03127478881   -0.01304734178     0.5225092643
v    0.01695329637   -0.01179074766     0.5225092643
v  0.0009573344096    -0.0111257279     0.5225092643
v   -0.01654010564   -0.01114742189     0.5225092643
v    -0.0352597193   -0.01191566401     0.5225092643
v   -0.05482756145   -0.01342802028     0.5225092643
v   -0.07481086475    -0.0155240164     0.5225092643
v   -0.09474065334   -0.01807987715     0.5225092643
v    -0.1141534038   -0.02096957536     0.5225092643
v    -0.1326336208   -0.02405595866     0.5225092643
v    -0.1498460648   -0.02720542507     0.5225092643
v    -0.1655547188   -0.03030142091     0.5225092643
v    -0.1796267184   -0.03324956661     0.5225092643
v    -0.1920240482   -0.03598237815     0.5225092643
v    -0.2027864918   -0.03845792938     0.5225092643
v    -0.2120110553   -0.04065666693     0.5225092643
v    -0.2198313663   -0.04257712572     0.5225092643
v    -0.2263999835   -0.04423078563     0.5225092643
v    -0.2318744426   -0.04563775466     0.5225092643
v    -0.2364075053   -0.04682288977     0.5225092643
v     -0.240140979   -0.04781284258     0.5225092643
v    -0.2379966026   -0.04773257284     0.5805658493
v    -0.2410884733   -0.04754621726     0.5805658493
v    -0.2342287387   -0.04795779706     0.5805658493
v     -0.229657944   -0.04822834446     0.5805658493
v    -0.2241436439   -0.04855100463     0.5805658493
v     -0.217535226   -0.04893259308     0.5805658493
v    -0.2096785106   -0.04937952381     0.5805658493
v    -0.2004257988   -0.04989728362     0.5805658493
v    -0.1896498778   -0.05048947025     0.5805658493
v     -0.177261705   -0.05115583621     0.5805658493
v    -0.1632305962   -0.05189118106     0.5805658493
v    -0.1476041234   -0.05268273001     0.5805658493
v    -0.1305238482    -0.0535068221     0.5805658493
v    -0.1122323587   -0.05432738614     0.5805658493
v   -0.09306750489   -0.05509355651     0.5805658493
v   -0.07344223416    -0.0557416196     0.5805658493
v   -0.05381166606   -0.05620062957     0.5805658493
v   -0.03463280501   -0.05641942472     0.5805658493
v   -0.01632299787   -0.05644298278     0.5805658493
v  0.0007756681385   -0.05622897252     0.5805658493
v    0.01641418213   -0.05573469177     0.5805658493
v    0.03044172042   -0.05494177849     0.5805658493
v    0.04279951143   -0.05385411327     0.5805658493
v    0.05350419874   -0.05248860808     0.5805658493
v    0.06262762176   -0.05086851357     0.5805658493
v    0.07027312609   -0.04901097867     0.5805658493
v    0.07655069719    -0.0469189078     0.5805658493
v    0.08154640895   -0.04457237127     0.5805658493
v    0.08527439254   -0.04192929084     0.5805658493
v      0.087616786   -0.03899363771     0.5805658493
v    0.08846493497   -0.03603795865     0.5805658493
v    0.08798478664   -0.03294989337     0.5805658493
v    0.08596743717   -0.02970879682     0.5805658493
v    0.08249883909   -0.02661876487     0.5805658493
v    0.07770009506   -0.02371117143     0.5805658493
v     0.0715591758   -0.02096548734     0.5805658493
v    0.06398753825   -0.01838706884     0.5805658493
v    0.05487122218   -0.01601445048     0.5805658493
v    0.04410297306   -0.01391718713     0.5805658493
v    0.03161021396   -0.01219010711     0.5805658493
v    0.01738151738   -0.01094165507     0.5805658493
v   0.001489200955   -0.01028094429     0.5805658493
v   -0.01589486475   -0.01030249772     0.5805658493
v   -0.03449318502   -0.01106576203     0.5805658493
v   -0.05393423769   -0.01256831901     0.5805658493
v   -0.07378805954   -0.01465073416     0.5805658493
v   -0.09358871344   -0.01719003426     0.5805658493
v    -0.1128756793   -0.02006100872     0.5805658493
v    -0.1312361541   -0.02312739386     0.5805658493
v    -0.1483370704   -0.02625645336     0.5805658493
v    -0.1639439404   -0.02933238876     0.5805658493
v    -0.1779247608     -0.032261432     0.5805658493
v    -0.1902417624   -0.03497653634     0.5805658493
v    -0.2009344709   -0.03743604728     0.5805658493
v     -0.210099264   -0.03962053814     0.5805658493
v    -0.2178689034   -0.04152855335     0.5805658493
v    -0.2243949593   -0.04317149841     0.5805658493
v    -0.2298339469   -0.04456935101     0.5805658493
v    -0.2343376376   -0.04574680706     0.5805658493
v    -0.2380469204   -0.04673034549     0.5805658493
v    -0.2359028721   -0.04664353948     0.6386224342
v    -0.2389745785   -0.04645839926     0.6386224342
v    -0.2321595813   -0.04686729485     0.6386224342
v     -0.227618596   -0.04713607781     0.6386224342
v    -0.2221402588   -0.04745663367     0.6386224342
v    -0.2155749393   -0.04783573351     0.6386224342
v    -0.2077694633   -0.04827974946     0.6386224342
v    -0.1985770953   -0.04879413258     0.6386224342
v     -0.187871452   -0.04938245712     0.6386224342
v    -0.1755640716   -0.05004447722     0.6386224342
v    -0.1616244702   -0.05077502635     0.6386224342
v    -0.1460999091   -0.05156141302     0.6386224342
v     -0.129131027    -0.0523801306     0.6386224342
v    -0.1109588298   -0.05319534314     0.6386224342
v   -0.09191896418   -0.05395651674     0.6386224342
v   -0.07242168435   -0.05460035332     0.6386224342
v   -0.05291914168   -0.05505636975     0.6386224342
v   -0.03386536017   -0.05527373798     0.6386224342
v   -0.01567496481    -0.0552971424     0.6386224342
v   0.001312188158   -0.05508452786     0.6386224342
v    0.01684871184   -0.05459347068     0.6386224342
v    0.03078476619   -0.05380572857     0.6386224342
v    0.04306196291   -0.05272515683     0.6386224342
v    0.05369683704    -0.0513685571     0.6386224342
v    0.06276075948   -0.04975902843     0.6386224342
v    0.07035640182   -0.04791360788     0.6386224342
v    0.07659303224   -0.04583518096     0.6386224342
v    0.08155616327   -0.04350394792     0.6386224342
v    0.08525983393   -0.04087810497     0.6386224342
v    0.08758695091   -0.03796159741     0.6386224342
v    0.08842956847   -0.03502519452     0.6386224342
v    0.08795255154   -0.03195726879     0.6386224342
v     0.0859483587   -0.02873730982     0.6386224342
v    0.08250238191   -0.02566743026     0.6386224342
v    0.07773493404   -0.02277879938     0.6386224342
v    0.07163406425   -0.02005102193     0.6386224342
v    0.06411180694    -0.0174894192     0.6386224342
v    0.05505494511   -0.01513227445     0.6386224342
v     0.0443569237    -0.0130486889     0.6386224342
v    0.03194563912   -0.01133287245     0.6386224342
v    0.01780973838   -0.01009256248     0.6386224342
v     0.0020210675  -0.009436160684     0.6386224342
v   -0.01524962386   -0.00945757355     0.6386224342
v   -0.03372665074   -0.01021586005     0.6386224342
v   -0.05304091394   -0.01170861774     0.6386224342
v   -0.07276525434   -0.01377745192     0.6386224342
v   -0.09243677354   -0.01630019137     0.6386224342
v    -0.1115979548   -0.01915244209     0.6386224342
v    -0.1298386874   -0.02219882906     0.6386224342
v     -0.146828076   -0.02530748165     0.6386224342
v    -0.1623331621    -0.0283633566     0.6386224342
v    -0.1762228032   -0.03127329738     0.6386224342
v    -0.1884594765   -0.03397069452     0.6386224342
v      -0.19908245   -0.03641416518     0.6386224342
v    -0.2081874726   -0.03858440936     0.6386224342
v    -0.2159064405   -0.04047998099     0.6386224342
v    -0.2223899352   -0.04211221119     0.6386224342
v    -0.2277934511   -0.04350094736     0.6386224342
v    -0.2322677699   -0.04467072435     0.6386224342
v    -0.2359528617   -0.04564784839     0.6386224342
v    -0.2338091416   -0.04555450613     0.6966790191
v    -0.2368606836   -0.04537058127     0.6966790191
v    -0.2300904238   -0.04577679264     0.6966790191
v    -0.2255792481   -0.04604381116     0.6966790191
v    -0.2201368737   -0.04636226271     0.6966790191
v    -0.2136146525   -0.04673887393     0.6966790191
v     -0.205860416   -0.04717997512     0.6966790191
v    -0.1967283918   -0.04769098155     0.6966790191
v    -0.1860930263     -0.048275444     0.6966790191
v    -0.1738664383   -0.04893311823     0.6966790191
v    -0.1600183441   -0.04965887163     0.6966790191
v    -0.1445956948   -0.05044009603     0.6966790191
v    -0.1277382058   -0.05125343909     0.6966790191
v     -0.109685301   -0.05206330013     0.6966790191
v   -0.09077042347   -0.05281947696     0.6966790191
v   -0.07140113453   -0.05345908705     0.6966790191
v   -0.05202661731   -0.05391210994     0.6966790191
v   -0.03309791532   -0.05412805124     0.6966790191
v   -0.01502693175   -0.05415130202     0.6966790191
v   0.001848708178    -0.0539400832     0.6966790191
v    0.01728324155   -0.05345224959     0.6966790191
v    0.03112781195   -0.05266967866     0.6966790191
v    0.04332441438   -0.05159620038     0.6966790191
v    0.05388947534   -0.05024850612     0.6966790191
v    0.06289389719   -0.04864954328     0.6966790191
v    0.07043967755    -0.0468162371     0.6966790191
v    0.07663536729   -0.04475145411     0.6966790191
v    0.08156591759   -0.04243552457     0.6966790191
v    0.08524527531   -0.03982691911     0.6966790191
v    0.08755711581   -0.03692955711     0.6966790191
v    0.08839420197   -0.03401243038     0.6966790191
v    0.08792031644   -0.03096464421     0.6966790191
v    0.08592928023   -0.02776582283     0.6966790191
v    0.08250592473   -0.02471609565     0.6966790191
v    0.07776977301   -0.02184642734     0.6966790191
v     0.0717089527   -0.01913655652     0.6966790191
v    0.06423607564   -0.01659176956     0.6966790191
v    0.05523866804   -0.01425009841     0.6966790191
v    0.04461087434   -0.01218019066     0.6966790191
v    0.03228106427   -0.01047563778     0.6966790191
v    0.01823795938  -0.009243469892     0.6966790191
v   0.002552934045  -0.008591377077     0.6966790191
v   -0.01460438298  -0.008612649378     0.6966790191
v   -0.03296011646  -0.009365958066     0.6966790191
v   -0.05214759019   -0.01084891647     0.6966790191
v   -0.07174244914   -0.01290416969     0.6966790191
v   -0.09128483364   -0.01541034848     0.6966790191
v    -0.1103202304   -0.01824387545     0.6966790191
v    -0.1284412207   -0.02127026426     0.6966790191
v    -0.1453190816   -0.02435850994     0.6966790191
v    -0.1607223838   -0.02739432444     0.6966790191
v    -0.1745208456   -0.03028516277     0.6966790191
v    -0.1866771906   -0.03296485271     0.6966790191
v     -0.197230429   -0.03539228307     0.6966790191
v    -0.2062756813   -0.03754828057     0.6966790191
v    -0.2139439777   -0.03943140863     0.6966790191
v    -0.2203849111   -0.04105292397     0.6966790191
v    -0.2257529553   -0.04243254371     0.6966790191
v    -0.2301979023   -0.04359464164     0.6966790191
v    -0.2338588031    -0.0445653513     0.6966790191
v    -0.2317154111   -0.04446547277      0.754735604
v    -0.2347467888   -0.04428276327      0.754735604
v    -0.2280212664   -0.04468629043      0.754735604
v    -0.2235399002    -0.0449515445      0.754735604
v    -0.2181334886   -0.04526789176      0.754735604
v    -0.2116543658   -0.04564201435      0.754735604
v    -0.2039513688   -0.04608020078      0.754735604
v    -0.1948796883   -0.04658783051      0.754735604
v    -0.1843146005   -0.04716843087      0.754735604
v     -0.172168805   -0.04782175924      0.754735604
v     -0.158412218   -0.04854271692      0.754735604
v    -0.1430914805   -0.04931877904      0.754735604
v    -0.1263453846   -0.05012674759      0.754735604
v    -0.1084117721   -0.05093125712      0.754735604
v   -0.08962188275   -0.05168243719      0.754735604
v   -0.07038058471   -0.05231782078      0.754735604
v   -0.05113409294   -0.05276785013      0.754735604
v   -0.03233047048    -0.0529823645      0.754735604
v   -0.01437889869   -0.05300546164      0.754735604
v   0.002385228198   -0.05279563854      0.754735604
v    0.01771777126    -0.0523110285      0.754735604
v    0.03147085772   -0.05153362874      0.754735604
v    0.04358686586   -0.05046724393      0.754735604
v    0.05408211364   -0.04912845514      0.754735604
v     0.0630270349   -0.04754005814      0.754735604
v    0.07052295328   -0.04571886631      0.754735604
v    0.07667770234   -0.04366772726      0.754735604
v    0.08157567191   -0.04136710122      0.754735604
v    0.08523071669   -0.03877573324      0.754735604
v    0.08752728071   -0.03589751681      0.754735604
v    0.08835883546   -0.03299966625      0.754735604
v    0.08788808134   -0.02997201964      0.754735604
v    0.08591020175   -0.02679433584      0.754735604
v    0.08250946754   -0.02376476104      0.754735604
v    0.07780461199    -0.0209140553      0.754735604
v    0.07178384115   -0.01822209111      0.754735604
v    0.06436034433   -0.01569411993      0.754735604
v    0.05542239096   -0.01336792237      0.754735604
v    0.04486482498   -0.01131169243      0.754735604
v    0.03261648943   -0.00961840311      0.754735604
v    0.01866618039  -0.008394377302      0.754735604
v    0.00308480059  -0.007746593471      0.754735604
v   -0.01395914209  -0.007767725206      0.754735604
v   -0.03219358218  -0.008516056083      0.754735604
v   -0.05125426643  -0.009989215207      0.754735604
v   -0.07071964394   -0.01203088745      0.754735604
v   -0.09013289374   -0.01452050559      0.754735604
v    -0.1090425059   -0.01733530882      0.754735604
v     -0.127043754   -0.02034169946      0.754735604
v    -0.1438100872   -0.02340953823      0.754735604
v    -0.1591116054   -0.02642529228      0.754735604
v     -0.172818888   -0.02929702816      0.754735604
v    -0.1848949048   -0.03195901089      0.754735604
v    -0.1953784081   -0.03437040097      0.754735604
v      -0.20436389   -0.03651215179      0.754735604
v    -0.2119815148   -0.03838283627      0.754735604
v     -0.218379887   -0.03999363675      0.754735604
v    -0.2237124596   -0.04136414006      0.754735604
v    -0.2281280346   -0.04251855892      0.754735604
v    -0.2317647444   -0.04348285421      0.754735604
v    -0.2296216806   -0.04337643941      0.812792189
v    -0.2326328939   -0.04319494528      0.812792189
v    -0.2259521089   -0.04359578822      0.812792189
v    -0.2215005523   -0.04385927785      0.812792189
v    -0.2161301035    -0.0441735208      0.812792189
v    -0.2096940791   -0.04454515478      0.812792189
v    -0.2020423215   -0.04498042644      0.812792189
v    -0.1930309848   -0.04548467947      0.812792189
v    -0.1825361748   -0.04606141775      0.812792189
v    -0.1704711717   -0.04671040025      0.812792189
v    -0.1568060919    -0.0474265622      0.812792189
v    -0.1415872662   -0.04819746205      0.812792189
v    -0.1249525633   -0.04900005608      0.812792189
v    -0.1071382432   -0.04979921411      0.812792189
v   -0.08847334204   -0.05054539742      0.812792189
v   -0.06936003489   -0.05117655451      0.812792189
v   -0.05024156856   -0.05162359031      0.812792189
v   -0.03156302563   -0.05183667776      0.812792189
v   -0.01373086563   -0.05185962126      0.812792189
v   0.002921748218   -0.05165119388      0.812792189
v    0.01815230097   -0.05116980741      0.812792189
v    0.03181390348   -0.05039757883      0.812792189
v    0.04384931734   -0.04933828748      0.812792189
v    0.05427475194   -0.04800840417      0.812792189
v    0.06316017262   -0.04643057299      0.812792189
v    0.07060622901   -0.04462149552      0.812792189
v    0.07672003739   -0.04258400042      0.812792189
v    0.08158542623   -0.04029867788      0.812792189
v    0.08521615807   -0.03772454737      0.812792189
v    0.08749744562    -0.0348654765      0.812792189
v    0.08832346896   -0.03198690211      0.812792189
v    0.08785584624   -0.02897939506      0.812792189
v    0.08589112328   -0.02582284885      0.812792189
v    0.08251301036   -0.02281342643      0.812792189
v    0.07783945096   -0.01998168325      0.812792189
v     0.0718587296    -0.0173076257      0.812792189
v    0.06448461302   -0.01479647029      0.812792189
v    0.05560611389   -0.01248574633      0.812792189
v    0.04511877562    -0.0104431942      0.812792189
v    0.03295191458  -0.008761168441      0.812792189
v    0.01909440139  -0.007545284713      0.812792189
v   0.003616667135  -0.006901809865      0.812792189
v    -0.0133139012  -0.006922801034      0.812792189
v    -0.0314270479    -0.0076661541      0.812792189
v   -0.05036094268  -0.009129513939      0.812792189
v   -0.06969683874   -0.01115760522      0.812792189
v   -0.08898095384   -0.01363066271      0.812792189
v    -0.1077647815   -0.01642674218      0.812792189
v    -0.1256462873   -0.01941313466      0.812792189
v    -0.1423010928   -0.02246056652      0.812792189
v    -0.1575008271   -0.02545626013      0.812792189
v    -0.1711169304   -0.02830889354      0.812792189
v    -0.1831126189   -0.03095316908      0.812792189
v    -0.1935263872   -0.03334851886      0.812792189
v    -0.2024520987   -0.03547602301      0.812792189
v    -0.2100190519   -0.03733426391      0.812792189
v    -0.2163748629   -0.03893434953      0.812792189
v    -0.2216719638   -0.04029573641      0.812792189
v    -0.2260581669   -0.04144247621      0.812792189
v    -0.2296706858   -0.04240035712      0.812792189
v    -0.2296339319   -0.04313241884      0.812792189
v    -0.2259786234   -0.04305746022      0.812792189
v    -0.2215434051   -0.04296839249      0.812792189
v    -0.2161912933   -0.04286372798      0.812792189
v    -0.2097753223   -0.04274243206      0.812792189
v    -0.2021447658   -0.04260432558      0.812792189
v    -0.1931548354   -0.04245063932      0.812792189
v    -0.1826802858   -0.04228435558      0.812792189
v    -0.1706326113   -0.04211002358      0.812792189
v    -0.1569797757   -0.04193398668      0.812792189
v    -0.1417657228   -0.04176323816      0.812792189
v    -0.1251259943   -0.04160332573      0.812792189
v    -0.1072948777   -0.04145609612      0.812792189
v   -0.08860024499   -0.04131671374      0.812792189
v   -0.06944423586   -0.04117181719      0.812792189
v   -0.05027141209   -0.04100007122      0.812792189
v    -0.0315290312   -0.04079404685      0.812792189
v   -0.01362662453   -0.04062541621      0.812792189
v   0.003095477947   -0.04046384788      0.812792189
v    0.01838782608   -0.04026367674      0.812792189
v    0.03209840626   -0.03998847623      0.812792189
v    0.04416668191   -0.03961451416      0.812792189
v    0.05460759243   -0.03912773971      0.812792189
v    0.06349128272   -0.03852204732      0.812792189
v    0.07091935415   -0.03779302807      0.812792189
v    0.07699989078   -0.03693342113      0.812792189
v    0.08181732226   -0.03592736501      0.812792189
v    0.08538489937   -0.03474912274      0.812792189
v    0.08758704577   -0.03339395614      0.812792189
v    0.08776624608   -0.03045091542      0.812792189
v    0.08572238198   -0.02879827348      0.812792189
v    0.08228111433   -0.02718473929      0.812792189
v    0.07755959757   -0.02563226254      0.812792189
v    0.07154560445   -0.02413609316      0.812792189
v    0.06415350292   -0.02270499597      0.812792189
v     0.0552732734   -0.02136641079      0.812792189
v    0.04480141105   -0.02016696752      0.812792189
v    0.03266741181   -0.01917027104      0.812792189
v    0.01885887629   -0.01845141539      0.812792189
v   0.003442937406   -0.01808915587      0.812792189
v   -0.01341814231   -0.01815700609      0.812792189
v   -0.03146104234   -0.01870878501      0.812792189
v   -0.05033109915   -0.01975303303      0.812792189
v   -0.06961263778   -0.02116234254      0.812792189
v   -0.08885405089   -0.02285934638      0.812792189
v    -0.1076081469   -0.02476986016      0.812792189
v    -0.1254728563   -0.02680986502      0.812792189
v    -0.1421226362    -0.0288947904      0.812792189
v    -0.1573271433   -0.03094883565      0.812792189
v    -0.1709554907   -0.03290927022      0.812792189
v    -0.1829685079   -0.03473023125      0.812792189
v    -0.1934025366   -0.03638255902      0.812792189
v    -0.2023496544   -0.03785212386      0.812792189
v    -0.2099378087   -0.03913698663      0.812792189
v     -0.216313673   -0.04024414235      0.812792189
v    -0.2216291109   -0.04118662177      0.812792189
v    -0.2260316524   -0.04198080421      0.812792189
v    -0.2296584345   -0.04264437769      0.812792189
v    -0.2296461832   -0.04288839826      0.812792189
v    -0.2260051379   -0.04251913221      0.812792189
v     -0.221586258   -0.04207750713      0.812792189
v    -0.2162524832   -0.04155393517      0.812792189
v    -0.2098565655   -0.04093970934      0.812792189
v    -0.2022472101   -0.04022822472      0.812792189
v     -0.193278686   -0.03941659917      0.812792189
v    -0.1828243968   -0.03850729341      0.812792189
v     -0.170794051    -0.0375096469      0.812792189
v    -0.1571534595   -0.03644141116      0.812792189
v    -0.1419441795   -0.03532901428      0.812792189
v    -0.1252994253   -0.03420659537      0.812792189
v    -0.1074515123   -0.03311297814      0.812792189
v   -0.08872714794   -0.03208803006      0.812792189
v   -0.06952843682   -0.03116707986      0.812792189
v   -0.05030125562   -0.03037655212      0.812792189
v   -0.03149503677   -0.02975141593      0.812792189
v   -0.01352238342   -0.02939121115      0.812792189
v   0.003269207677   -0.02927650187      0.812792189
v    0.01862335118   -0.02935754606      0.812792189
v    0.03238290903   -0.02957937363      0.812792189
v    0.04448404648   -0.02989074084      0.812792189
v    0.05494043292   -0.03024707525      0.812792189
v    0.06382239282   -0.03061352164      0.812792189
v     0.0712324793   -0.03096456061      0.812792189
v    0.07727974417   -0.03128284183      0.812792189
v    0.08204921829   -0.03155605215      0.812792189
v    0.08555364068   -0.03177369811      0.812792189
v    0.08767664593   -0.03192243578      0.812792189
v     -0.260113527   -0.05733657922   -0.05805658493
v    -0.2568401769   -0.05753387306   -0.05805658493
v    -0.2528511558   -0.05777231697   -0.05805658493
v    -0.2480120753   -0.05805874432   -0.05805658493
v    -0.2421741098   -0.05840034323   -0.05805658493
v    -0.2351778065   -0.05880432927   -0.05805658493
v     -0.226859936   -0.05927749289   -0.05805658493
v    -0.2170641303   -0.05982564295   -0.05805658493
v    -0.2056557096   -0.06045258836   -0.05805658493
v    -0.1925404049    -0.0611580671   -0.05805658493
v    -0.1776857311    -0.0619365735   -0.05805658493
v    -0.1611420523   -0.06277458294   -0.05805658493
v    -0.1430592391   -0.06364704565   -0.05805658493
v    -0.1236941188   -0.06451577323   -0.05805658493
v    -0.1034043713   -0.06532691447   -0.05805658493
v   -0.08262718252   -0.06601301604   -0.05805658493
v   -0.06184438542    -0.0664989679   -0.05805658493
v   -0.04153980862   -0.06673060537   -0.05805658493
v    -0.0221552954   -0.06675554619   -0.05805658493
v  -0.004053012041   -0.06652897447   -0.05805658493
v    0.01250341473   -0.06600568158   -0.05805658493
v    0.02735430853   -0.06516622774   -0.05805658493
v    0.04043744814    -0.0640147213   -0.05805658493
v    0.05177045406   -0.06256906689   -0.05805658493
v    0.06142938234   -0.06085387988   -0.05805658493
v    0.06952364453   -0.05888731575   -0.05805658493
v    0.07616968176   -0.05667244942   -0.05805658493
v    0.08145862008   -0.05418818139   -0.05805658493
v     0.0854054201   -0.05138996364   -0.05805658493
v    0.08788530187   -0.04828200044   -0.05805658493
v     0.0887832335   -0.04515283587   -0.05805658493
v    0.08827490255   -0.04188351458   -0.05805658493
v    0.08613914344   -0.03845217975   -0.05805658493
v    0.08246695373   -0.03518077636   -0.05805658493
v    0.07738654429   -0.03210251983   -0.05805658493
v    0.07088517977   -0.02919567602   -0.05805658493
v    0.06286912001   -0.02646591556   -0.05805658493
v    0.05321771582   -0.02395403483   -0.05805658493
v     0.0418174173   -0.02173367123   -0.05805658493
v    0.02859138756   -0.01990521913   -0.05805658493
v    0.01352752835   -0.01858348838   -0.05805658493
v  -0.003297597951   -0.01788399675   -0.05805658493
v   -0.02170203273   -0.01790681527   -0.05805658493
v   -0.04139199354   -0.01871487988   -0.05805658493
v   -0.06197415148   -0.02030563042   -0.05805658493
v   -0.08299330635   -0.02251027428   -0.05805658493
v    -0.1039561725   -0.02519862026   -0.05805658493
v    -0.1243751994   -0.02823810844   -0.05805658493
v    -0.1438133543   -0.03148447705   -0.05805658493
v      -0.16191802   -0.03479719874   -0.05805658493
v    -0.1784409455   -0.03805367817   -0.05805658493
v    -0.1932423792   -0.04115464351   -0.05805658493
v    -0.2062823352   -0.04402911268   -0.05805658493
v    -0.2176026592   -0.04663298622   -0.05805658493
v    -0.2273053858   -0.04894569719   -0.05805658493
v    -0.2355310693    -0.0509657046   -0.05805658493
v    -0.2424401764   -0.05270508339   -0.05805658493
v    -0.2481984088   -0.05418498386   -0.05805658493
v    -0.2529664466   -0.05543155146   -0.05805658493
v    -0.2568934481   -0.05647281932   -0.05805658493
v    -0.2579996322   -0.05624876122    -0.1161131699
v    -0.2547464464    -0.0564448397    -0.1161131699
v    -0.2507819984   -0.05668181475    -0.1161131699
v    -0.2459727274   -0.05696647766    -0.1161131699
v    -0.2401707247   -0.05730597228    -0.1161131699
v    -0.2332175197    -0.0577074697    -0.1161131699
v    -0.2249508888   -0.05817771855    -0.1161131699
v    -0.2152154268   -0.05872249191    -0.1161131699
v    -0.2038772838   -0.05934557523    -0.1161131699
v    -0.1908427715   -0.06004670811    -0.1161131699
v     -0.176079605   -0.06082041879    -0.1161131699
v    -0.1596378379   -0.06165326594    -0.1161131699
v    -0.1416664179   -0.06252035414    -0.1161131699
v    -0.1224205899   -0.06338373022    -0.1161131699
v    -0.1022558306   -0.06418987469    -0.1161131699
v    -0.0816066327   -0.06487174977    -0.1161131699
v   -0.06095186104   -0.06535470809    -0.1161131699
v   -0.04077236377   -0.06558491863    -0.1161131699
v   -0.02150726234   -0.06560970581    -0.1161131699
v  -0.003516492021    -0.0653845298    -0.1161131699
v    0.01293794444   -0.06486446049    -0.1161131699
v    0.02769735429   -0.06403017782    -0.1161131699
v    0.04069989961   -0.06288576485    -0.1161131699
v    0.05196309236   -0.06144901591    -0.1161131699
v    0.06156252005   -0.05974439474    -0.1161131699
v    0.06960692026   -0.05778994497    -0.1161131699
v    0.07621201681   -0.05558872258    -0.1161131699
v     0.0814683744   -0.05311975805    -0.1161131699
v    0.08539086148   -0.05033877777    -0.1161131699
v    0.08785546678   -0.04724996013    -0.1161131699
v    0.08874786699   -0.04414007173    -0.1161131699
v    0.08824266745      -0.04089089    -0.1161131699
v    0.08612006496   -0.03748069275    -0.1161131699
v    0.08247049654   -0.03422944175    -0.1161131699
v    0.07742138327   -0.03117014778    -0.1161131699
v    0.07096006822   -0.02828121061    -0.1161131699
v     0.0629933887   -0.02556826592    -0.1161131699
v    0.05340143875   -0.02307185879    -0.1161131699
v    0.04207136794     -0.020865173    -0.1161131699
v    0.02892681271   -0.01904798446    -0.1161131699
v    0.01395574935   -0.01773439579    -0.1161131699
v  -0.002765731406   -0.01703921314    -0.1161131699
v   -0.02105679184    -0.0170618911    -0.1161131699
v   -0.04062545926   -0.01786497789    -0.1161131699
v   -0.06108082772   -0.01944592915    -0.1161131699
v   -0.08197050115   -0.02163699205    -0.1161131699
v    -0.1028042326   -0.02430877737    -0.1161131699
v     -0.123097475    -0.0273295418    -0.1161131699
v    -0.1424158876   -0.03055591225    -0.1161131699
v    -0.1604090256   -0.03384822703    -0.1161131699
v    -0.1768301671   -0.03708464601    -0.1161131699
v    -0.1915404216    -0.0401665089    -0.1161131699
v    -0.2045000493   -0.04302327086    -0.1161131699
v    -0.2157506383   -0.04561110411    -0.1161131699
v    -0.2253935945   -0.04790956841    -0.1161131699
v    -0.2335686065   -0.04991713224    -0.1161131699
v    -0.2404351522   -0.05164579617    -0.1161131699
v     -0.246157913   -0.05311658021    -0.1161131699
v    -0.2508965789   -0.05435546875    -0.1161131699
v    -0.2547993895   -0.05539032223    -0.1161131699
v    -0.2558857373   -0.05516094323    -0.1741697548
v    -0.2526527159   -0.05535580635    -0.1741697548
v    -0.2487128409   -0.05559131254    -0.1741697548
v    -0.2439333794   -0.05587421101    -0.1741697548
v    -0.2381673396   -0.05621160132    -0.1741697548
v     -0.231257233   -0.05661061012    -0.1741697548
v    -0.2230418415    -0.0570779442    -0.1741697548
v    -0.2133667233   -0.05761934088    -0.1741697548
v    -0.2020988581   -0.05823856211    -0.1741697548
v    -0.1891451382   -0.05893534912    -0.1741697548
v    -0.1744734789   -0.05970426407    -0.1741697548
v    -0.1581336236   -0.06053194895    -0.1741697548
v    -0.1402735967   -0.06139366264    -0.1741697548
v     -0.121147061   -0.06225168721    -0.1741697548
v    -0.1011072899   -0.06305283492    -0.1741697548
v   -0.08058608289   -0.06373048349    -0.1741697548
v   -0.06005933667   -0.06421044827    -0.1741697548
v   -0.04000491893    -0.0644392319    -0.1741697548
v   -0.02085922929   -0.06446386543    -0.1741697548
v  -0.002979972001   -0.06424008514    -0.1741697548
v    0.01337247415    -0.0637232394    -0.1741697548
v    0.02804040006   -0.06289412791    -0.1741697548
v    0.04096235109   -0.06175680841    -0.1741697548
v    0.05215573065   -0.06032896493    -0.1741697548
v    0.06169565777   -0.05863490959    -0.1741697548
v    0.06969019599   -0.05669257418    -0.1741697548
v    0.07625435186   -0.05450499573    -0.1741697548
v    0.08147812872    -0.0520513347    -0.1741697548
v    0.08537630287   -0.04928759191    -0.1741697548
v    0.08782563168   -0.04621791983    -0.1741697548
v    0.08871250049    -0.0431273076    -0.1741697548
v    0.08821043235   -0.03989826542    -0.1741697548
v    0.08610098649   -0.03650920576    -0.1741697548
v    0.08247403936   -0.03327810714    -0.1741697548
v    0.07745622224   -0.03023777574    -0.1741697548
v    0.07103495666    -0.0273667452    -0.1741697548
v     0.0631176574   -0.02467061629    -0.1741697548
v    0.05358516168   -0.02218968275    -0.1741697548
v    0.04232531858   -0.01999667477    -0.1741697548
v    0.02926223787   -0.01819074979    -0.1741697548
v    0.01438397035    -0.0168853032    -0.1741697548
v  -0.002233864861   -0.01619442953    -0.1741697548
v   -0.02041155095   -0.01621696693    -0.1741697548
v   -0.03985892498   -0.01701507591    -0.1741697548
v   -0.06018750397   -0.01858622788    -0.1741697548
v   -0.08094769595   -0.02076370981    -0.1741697548
v    -0.1016522927   -0.02341893448    -0.1741697548
v    -0.1218197505   -0.02642097517    -0.1741697548
v    -0.1410184209   -0.02962734745    -0.1741697548
v    -0.1589000312   -0.03289925532    -0.1741697548
v    -0.1752193888   -0.03611561386    -0.1741697548
v     -0.189838464   -0.03917837429    -0.1741697548
v    -0.2027177635   -0.04201742905    -0.1741697548
v    -0.2138986174   -0.04458922201    -0.1741697548
v    -0.2234818032   -0.04687343963    -0.1741697548
v    -0.2316061436   -0.04886855988    -0.1741697548
v    -0.2384301281   -0.05058650895    -0.1741697548
v    -0.2441174173   -0.05204817656    -0.1741697548
v    -0.2488267113   -0.05327938604    -0.1741697548
v    -0.2527053308   -0.05430782513    -0.1741697548
v    -0.2537718425   -0.05407312523    -0.2322263397
v    -0.2505589855   -0.05426677299    -0.2322263397
v    -0.2466436835   -0.05450081033    -0.2322263397
v    -0.2418940315   -0.05478194436    -0.2322263397
v    -0.2361639545   -0.05511723037    -0.2322263397
v    -0.2292969463   -0.05551375054    -0.2322263397
v    -0.2211327942   -0.05597816986    -0.2322263397
v    -0.2115180198   -0.05651618984    -0.2322263397
v    -0.2003204323   -0.05713154899    -0.2322263397
v    -0.1874475049   -0.05782399014    -0.2322263397
v    -0.1728673528   -0.05858810936    -0.2322263397
v    -0.1566294093   -0.05941063196    -0.2322263397
v    -0.1388807755   -0.06026697113    -0.2322263397
v    -0.1198735321    -0.0611196442    -0.2322263397
v   -0.09995874918   -0.06191579515    -0.2322263397
v   -0.07956553307   -0.06258921722    -0.2322263397
v    -0.0591668123   -0.06306618846    -0.2322263397
v   -0.03923747408   -0.06329354516    -0.2322263397
v   -0.02021119623   -0.06331802506    -0.2322263397
v  -0.002443451981   -0.06309564048    -0.2322263397
v    0.01380700386   -0.06258201831    -0.2322263397
v    0.02838344582   -0.06175807799    -0.2322263397
v    0.04122480257   -0.06062785196    -0.2322263397
v    0.05234836895   -0.05920891395    -0.2322263397
v    0.06182879548   -0.05752542445    -0.2322263397
v    0.06977347172   -0.05559520339    -0.2322263397
v    0.07629668691   -0.05342126888    -0.2322263397
v    0.08148788304   -0.05098291135    -0.2322263397
v    0.08536174425   -0.04823640604    -0.2322263397
v    0.08779579658   -0.04518587953    -0.2322263397
v    0.08867713399   -0.04211454346    -0.2322263397
v    0.08817819725   -0.03890564084    -0.2322263397
v    0.08608190802   -0.03553771877    -0.2322263397
v    0.08247758218   -0.03232677253    -0.2322263397
v    0.07749106122   -0.02930540369    -0.2322263397
v    0.07110984511   -0.02645227979    -0.2322263397
v    0.06324192609   -0.02377296665    -0.2322263397
v    0.05376888461   -0.02130750671    -0.2322263397
v    0.04257926922   -0.01912817653    -0.2322263397
v    0.02959766303   -0.01733351512    -0.2322263397
v    0.01481219136   -0.01603621061    -0.2322263397
v  -0.001701998316   -0.01534964593    -0.2322263397
v   -0.01976631007   -0.01537204276    -0.2322263397
v    -0.0390923907   -0.01616517393    -0.2322263397
v   -0.05929418022   -0.01772652661    -0.2322263397
v   -0.07992489075   -0.01989042758    -0.2322263397
v    -0.1005003528   -0.02252909159    -0.2322263397
v    -0.1205420261   -0.02551240853    -0.2322263397
v    -0.1396209542   -0.02869878266    -0.2322263397
v    -0.1573910368   -0.03195028361    -0.2322263397
v    -0.1736086105    -0.0351465817    -0.2322263397
v    -0.1881365064   -0.03819023967    -0.2322263397
v    -0.2009354776   -0.04101158723    -0.2322263397
v    -0.2120465964    -0.0435673399    -0.2322263397
v    -0.2215700119   -0.04583731084    -0.2322263397
v    -0.2296436807   -0.04781998752    -0.2322263397
v     -0.236425104   -0.04952722173    -0.2322263397
v    -0.2420769215   -0.05097977291    -0.2322263397
v    -0.2467568436   -0.05220330333    -0.2322263397
v    -0.2506112722   -0.05322532804    -0.2322263397
v    -0.2516579476   -0.05298530724    -0.2902829246
v     -0.248465255   -0.05317773963    -0.2902829246
v     -0.244574526   -0.05341030812    -0.2902829246
v    -0.2398546836   -0.05368967771    -0.2902829246
v    -0.2341605694   -0.05402285941    -0.2902829246
v    -0.2273366596   -0.05441689097    -0.2902829246
v     -0.219223747   -0.05487839552    -0.2902829246
v    -0.2096693163    -0.0554130388    -0.2902829246
v    -0.1985420066   -0.05602453586    -0.2902829246
v    -0.1857498716   -0.05671263115    -0.2902829246
v    -0.1712612267   -0.05747195464    -0.2902829246
v     -0.155125195   -0.05828931497    -0.2902829246
v    -0.1374879543   -0.05914027963    -0.2902829246
v    -0.1186000032   -0.05998760119    -0.2902829246
v   -0.09881020846   -0.06077875538    -0.2902829246
v   -0.07854498325   -0.06144795095    -0.2902829246
v   -0.05827428792   -0.06192192864    -0.2902829246
v   -0.03847002924   -0.06214785842    -0.2902829246
v   -0.01956316317   -0.06217218468    -0.2902829246
v  -0.001906931961   -0.06195119582    -0.2902829246
v    0.01424153357   -0.06144079722    -0.2902829246
v    0.02872649159   -0.06062202807    -0.2902829246
v    0.04148725405   -0.05949889551    -0.2902829246
v    0.05254100725   -0.05808886298    -0.2902829246
v    0.06196193319    -0.0564159393    -0.2902829246
v    0.06985674745   -0.05449783261    -0.2902829246
v    0.07633902195   -0.05233754204    -0.2902829246
v    0.08149763736     -0.049914488    -0.2902829246
v    0.08534718563   -0.04718522017    -0.2902829246
v    0.08776596149   -0.04415383923    -0.2902829246
v    0.08864176749   -0.04110177933    -0.2902829246
v    0.08814596215   -0.03791301626    -0.2902829246
v    0.08606282954   -0.03456623178    -0.2902829246
v      0.082481125   -0.03137543792    -0.2902829246
v    0.07752590019   -0.02837303165    -0.2902829246
v    0.07118473356   -0.02553781438    -0.2902829246
v    0.06336619478   -0.02287531702    -0.2902829246
v    0.05395260754   -0.02042533067    -0.2902829246
v    0.04283321986    -0.0182596783    -0.2902829246
v    0.02993308818   -0.01647628046    -0.2902829246
v    0.01524041236   -0.01518711802    -0.2902829246
v   -0.00117013177   -0.01450486232    -0.2902829246
v   -0.01912106918   -0.01452711858    -0.2902829246
v   -0.03832585642   -0.01531527195    -0.2902829246
v   -0.05840085646   -0.01686682535    -0.2902829246
v   -0.07890208555   -0.01901714534    -0.2902829246
v   -0.09934841294    -0.0216392487    -0.2902829246
v    -0.1192643016    -0.0246038419    -0.2902829246
v    -0.1382234875   -0.02777021786    -0.2902829246
v    -0.1558820424    -0.0310013119    -0.2902829246
v    -0.1719978321   -0.03417754954    -0.2902829246
v    -0.1864345488   -0.03720210506    -0.2902829246
v    -0.1991531917   -0.04000574541    -0.2902829246
v    -0.2101945755    -0.0425454578    -0.2902829246
v    -0.2196582205   -0.04480118206    -0.2902829246
v    -0.2276812178   -0.04677141516    -0.2902829246
v    -0.2344200799   -0.04846793451    -0.2902829246
v    -0.2400364257   -0.04991136926    -0.2902829246
v    -0.2446869759   -0.05112722061    -0.2902829246
v    -0.2485172136   -0.05214283095    -0.2902829246
v    -0.2495440528   -0.05189748924    -0.3483395096
v    -0.2463715245   -0.05208870627    -0.3483395096
v    -0.2425053685   -0.05231980591    -0.3483395096
v    -0.2378153357   -0.05259741106    -0.3483395096
v    -0.2321571843   -0.05292848845    -0.3483395096
v    -0.2253763729   -0.05332003139    -0.3483395096
v    -0.2173146997   -0.05377862118    -0.3483395096
v    -0.2078206128   -0.05430988777    -0.3483395096
v    -0.1967635808   -0.05491752274    -0.3483395096
v    -0.1840522382   -0.05560127216    -0.3483395096
v    -0.1696551006   -0.05635579993    -0.3483395096
v    -0.1536209807   -0.05716799798    -0.3483395096
v    -0.1360951331   -0.05801358812    -0.3483395096
v    -0.1173264743   -0.05885555818    -0.3483395096
v   -0.09766166775    -0.0596417156    -0.3483395096
v   -0.07752443343   -0.06030668468    -0.3483395096
v   -0.05738176355   -0.06077766883    -0.3483395096
v   -0.03770258439   -0.06100217168    -0.3483395096
v   -0.01891513011    -0.0610263443    -0.3483395096
v  -0.001370411941   -0.06080675116    -0.3483395096
v    0.01467606328   -0.06029957613    -0.3483395096
v    0.02906953736   -0.05948597816    -0.3483395096
v    0.04174970552   -0.05836993906    -0.3483395096
v    0.05273364555     -0.056968812    -0.3483395096
v    0.06209507091   -0.05530645415    -0.3483395096
v    0.06994002318   -0.05340046182    -0.3483395096
v      0.076381357   -0.05125381519    -0.3483395096
v    0.08150739167   -0.04884606466    -0.3483395096
v    0.08533262701   -0.04613403431    -0.3483395096
v    0.08773612639   -0.04312179892    -0.3483395096
v    0.08860640098   -0.04008901519    -0.3483395096
v    0.08811372705   -0.03692039169    -0.3483395096
v    0.08604375107   -0.03359474478    -0.3483395096
v    0.08248466782   -0.03042410331    -0.3483395096
v    0.07756073916    -0.0274406596    -0.3483395096
v    0.07125962201   -0.02462334897    -0.3483395096
v    0.06349046348   -0.02197766738    -0.3483395096
v    0.05413633047   -0.01954315464    -0.3483395096
v     0.0430871705   -0.01739118007    -0.3483395096
v    0.03026851334   -0.01561904579    -0.3483395096
v    0.01566863336   -0.01433802543    -0.3483395096
v -0.0006382652255   -0.01366007872    -0.3483395096
v   -0.01847582829   -0.01368219441    -0.3483395096
v   -0.03755932214   -0.01446536996    -0.3483395096
v   -0.05750753271   -0.01600712408    -0.3483395096
v   -0.07787928035    -0.0181438631    -0.3483395096
v   -0.09819647304   -0.02074940582    -0.3483395096
v    -0.1179865771   -0.02369527526    -0.3483395096
v    -0.1368260208   -0.02684165306    -0.3483395096
v     -0.154373048   -0.03005234019    -0.3483395096
v    -0.1703870538   -0.03320851738    -0.3483395096
v    -0.1847325912   -0.03621397045    -0.3483395096
v    -0.1973709059    -0.0389999036    -0.3483395096
v    -0.2083425546    -0.0415235757    -0.3483395096
v    -0.2177464292   -0.04376505328    -0.3483395096
v    -0.2257187549    -0.0457228428    -0.3483395096
v    -0.2324150558   -0.04740864729    -0.3483395096
v      -0.23799593   -0.04884296561    -0.3483395096
v    -0.2426171083    -0.0500511379    -0.3483395096
v    -0.2464231549   -0.05106033386    -0.3483395096
v    -0.2474301579   -0.05080967124    -0.4063960945
v     -0.244277794   -0.05099967291    -0.4063960945
v    -0.2404362111    -0.0512293037    -0.4063960945
v    -0.2357759877   -0.05150514441    -0.4063960945
v    -0.2301537992    -0.0518341175    -0.4063960945
v    -0.2234160861   -0.05222317181    -0.4063960945
v    -0.2154056524   -0.05267884683    -0.4063960945
v    -0.2059719093   -0.05320673673    -0.4063960945
v    -0.1949851551   -0.05381050962    -0.4063960945
v    -0.1823546049   -0.05448991317    -0.4063960945
v    -0.1680489745   -0.05523964521    -0.4063960945
v    -0.1521167664   -0.05604668099    -0.4063960945
v    -0.1347023118   -0.05688689662    -0.4063960945
v    -0.1160529454   -0.05772351517    -0.4063960945
v   -0.09651312704   -0.05850467583    -0.4063960945
v   -0.07650388362   -0.05916541841    -0.4063960945
v   -0.05648923918   -0.05963340901    -0.4063960945
v   -0.03693513955   -0.05985648494    -0.4063960945
v   -0.01826709705   -0.05988050392    -0.4063960945
v -0.0008338919212    -0.0596623065    -0.4063960945
v      0.015110593   -0.05915835504    -0.4063960945
v    0.02941258312   -0.05834992824    -0.4063960945
v      0.042012157   -0.05724098262    -0.4063960945
v    0.05292628385   -0.05584876102    -0.4063960945
v    0.06222820862   -0.05419696901    -0.4063960945
v     0.0700232989   -0.05230309103    -0.4063960945
v    0.07642369205   -0.05017008834    -0.4063960945
v    0.08151714599   -0.04777764131    -0.4063960945
v     0.0853180684   -0.04508284844    -0.4063960945
v    0.08770629129   -0.04208975862    -0.4063960945
v    0.08857103448   -0.03907625106    -0.4063960945
v    0.08808149195   -0.03592776711    -0.4063960945
v     0.0860246726   -0.03262325779    -0.4063960945
v    0.08248821064    -0.0294727687    -0.4063960945
v    0.07759557814   -0.02650828756    -0.4063960945
v    0.07133451046   -0.02370888357    -0.4063960945
v    0.06361473217   -0.02108001774    -0.4063960945
v    0.05432005339    -0.0186609786    -0.4063960945
v    0.04334112114   -0.01652268183    -0.4063960945
v    0.03060393849   -0.01476181112    -0.4063960945
v    0.01609685437   -0.01348893284    -0.4063960945
v -0.0001063986804   -0.01281529511    -0.4063960945
v   -0.01783058741   -0.01283727024    -0.4063960945
v   -0.03679278786   -0.01361546798    -0.4063960945
v   -0.05661420896   -0.01514742281    -0.4063960945
v   -0.07685647515   -0.01727058087    -0.4063960945
v   -0.09704453314   -0.01985956293    -0.4063960945
v    -0.1167088527   -0.02278670863    -0.4063960945
v    -0.1354285541   -0.02591308826    -0.4063960945
v    -0.1528640536   -0.02910336848    -0.4063960945
v    -0.1687762755   -0.03223948523    -0.4063960945
v    -0.1830306336   -0.03522583583    -0.4063960945
v      -0.19558862   -0.03799406178    -0.4063960945
v    -0.2064905337   -0.04050169359    -0.4063960945
v    -0.2158346379   -0.04272892449    -0.4063960945
v    -0.2237562921   -0.04467427044    -0.4063960945
v    -0.2304100317   -0.04634936007    -0.4063960945
v    -0.2359554342   -0.04777456196    -0.4063960945
v    -0.2405472406   -0.04897505519    -0.4063960945
v    -0.2443290963   -0.04997783676    -0.4063960945
v    -0.2453162631   -0.04972185325    -0.4644526794
v    -0.2421840635   -0.04991063956    -0.4644526794
v    -0.2383670536   -0.05013880149    -0.4644526794
v    -0.2337366398   -0.05041287776    -0.4644526794
v    -0.2281504141   -0.05073974654    -0.4644526794
v    -0.2214557994   -0.05112631224    -0.4644526794
v    -0.2134966051   -0.05157907249    -0.4644526794
v    -0.2041232058   -0.05210358569    -0.4644526794
v    -0.1932067293   -0.05270349649    -0.4644526794
v    -0.1806569716   -0.05337855418    -0.4644526794
v    -0.1664428484   -0.05412349049    -0.4644526794
v    -0.1506125521   -0.05492536399    -0.4644526794
v    -0.1333094906   -0.05576020511    -0.4644526794
v    -0.1147794165   -0.05659147216    -0.4644526794
v   -0.09536458632   -0.05736763606    -0.4644526794
v    -0.0754833338   -0.05802415214    -0.4644526794
v    -0.0555967148    -0.0584891492    -0.4644526794
v    -0.0361676947    -0.0587107982    -0.4644526794
v   -0.01761906399   -0.05873466354    -0.4644526794
v -0.0002973719013   -0.05851786184    -0.4644526794
v    0.01554512271   -0.05801713395    -0.4644526794
v    0.02975562889   -0.05721387832    -0.4644526794
v    0.04227460848   -0.05611202617    -0.4644526794
v    0.05311892215   -0.05472871004    -0.4644526794
v    0.06236134634   -0.05308748386    -0.4644526794
v    0.07010657463   -0.05120572025    -0.4644526794
v     0.0764660271    -0.0490863615    -0.4644526794
v    0.08152690031   -0.04670921796    -0.4644526794
v    0.08530350978   -0.04403166257    -0.4644526794
v     0.0876764562   -0.04105771832    -0.4644526794
v    0.08853566798   -0.03806348692    -0.4644526794
v    0.08804925684   -0.03493514253    -0.4644526794
v    0.08600559412    -0.0316517708    -0.4644526794
v    0.08249175345   -0.02852143409    -0.4644526794
v    0.07763041711   -0.02557591552    -0.4644526794
v    0.07140939891   -0.02279441816    -0.4644526794
v    0.06373900086   -0.02018236811    -0.4644526794
v    0.05450377632   -0.01777880256    -0.4644526794
v    0.04359507178    -0.0156541836    -0.4644526794
v    0.03093936365   -0.01390457645    -0.4644526794
v    0.01652507537   -0.01263984025    -0.4644526794
v  0.0004254678646    -0.0119705115    -0.4644526794
v   -0.01718534652   -0.01199234607    -0.4644526794
v   -0.03602625358     -0.012765566    -0.4644526794
v    -0.0557208852   -0.01428772154    -0.4644526794
v   -0.07583366995   -0.01639729863    -0.4644526794
v   -0.09589259324   -0.01896972004    -0.4644526794
v    -0.1154311282   -0.02187814199    -0.4644526794
v    -0.1340310875   -0.02498452346    -0.4644526794
v    -0.1513550592   -0.02815439677    -0.4644526794
v    -0.1671654971   -0.03127045307    -0.4644526794
v     -0.181328676   -0.03423770122    -0.4644526794
v    -0.1938063341   -0.03698821997    -0.4644526794
v    -0.2046385127   -0.03947981149    -0.4644526794
v    -0.2139228466   -0.04169279571    -0.4644526794
v    -0.2217938292   -0.04362569808    -0.4644526794
v    -0.2284050076   -0.04529007285    -0.4644526794
v    -0.2339149384   -0.04670615831    -0.4644526794
v    -0.2384773729   -0.04789897248    -0.4644526794
v    -0.2422350376   -0.04889533967    -0.4644526794
v    -0.2432023682   -0.04863403525    -0.5225092643
v    -0.2400903331    -0.0488216062    -0.5225092643
v    -0.2362978962   -0.04904829927    -0.5225092643
v    -0.2316972919   -0.04932061111    -0.5225092643
v     -0.226147029   -0.04964537558    -0.5225092643
v    -0.2194955127   -0.05002945266    -0.5225092643
v    -0.2115875579   -0.05047929815    -0.5225092643
v    -0.2022745023   -0.05100043466    -0.5225092643
v    -0.1914283035   -0.05159648337    -0.5225092643
v    -0.1789593383   -0.05226719519    -0.5225092643
v    -0.1648367223   -0.05300733578    -0.5225092643
v    -0.1491083377     -0.053804047    -0.5225092643
v    -0.1319166694   -0.05463351361    -0.5225092643
v    -0.1135058876   -0.05545942915    -0.5225092643
v   -0.09421604561   -0.05623059628    -0.5225092643
v   -0.07446278398   -0.05688288587    -0.5225092643
v   -0.05470419043   -0.05734488938    -0.5225092643
v   -0.03540024986   -0.05756511146    -0.5225092643
v   -0.01697103093   -0.05758882316    -0.5225092643
v  0.0002391481186   -0.05737341718    -0.5225092643
v    0.01597965242   -0.05687591286    -0.5225092643
v    0.03009867465   -0.05607782841    -0.5225092643
v    0.04253705995   -0.05498306972    -0.5225092643
v    0.05331156045   -0.05360865906    -0.5225092643
v    0.06249448405   -0.05197799872    -0.5225092643
v    0.07018985036   -0.05010834946    -0.5225092643
v    0.07650836215   -0.04800263465    -0.5225092643
v    0.08153665463   -0.04564079461    -0.5225092643
v    0.08528895116   -0.04298047671    -0.5225092643
v     0.0876466211   -0.04002567802    -0.5225092643
v    0.08850030147   -0.03705072279    -0.5225092643
v    0.08801702174   -0.03394251795    -0.5225092643
v    0.08598651565   -0.03068028381    -0.5225092643
v    0.08249529627   -0.02757009948    -0.5225092643
v    0.07766525609   -0.02464354347    -0.5225092643
v    0.07148428735   -0.02187995275    -0.5225092643
v    0.06386326956   -0.01928471847    -0.5225092643
v    0.05468749925   -0.01689662652    -0.5225092643
v    0.04384902242   -0.01478568537    -0.5225092643
v    0.03127478881   -0.01304734178    -0.5225092643
v    0.01695329637   -0.01179074766    -0.5225092643
v  0.0009573344096    -0.0111257279    -0.5225092643
v   -0.01654010564   -0.01114742189    -0.5225092643
v    -0.0352597193   -0.01191566401    -0.5225092643
v   -0.05482756145   -0.01342802028    -0.5225092643
v   -0.07481086475    -0.0155240164    -0.5225092643
v   -0.09474065334   -0.01807987715    -0.5225092643
v    -0.1141534038   -0.02096957536    -0.5225092643
v    -0.1326336208   -0.02405595866    -0.5225092643
v    -0.1498460648   -0.02720542507    -0.5225092643
v    -0.1655547188   -0.03030142091    -0.5225092643
v    -0.1796267184   -0.03324956661    -0.5225092643
v    -0.1920240482   -0.03598237815    -0.5225092643
v    -0.2027864918   -0.03845792938    -0.5225092643
v    -0.2120110553   -0.04065666693    -0.5225092643
v    -0.2198313663   -0.04257712572    -0.5225092643
v    -0.2263999835   -0.04423078563    -0.5225092643
v    -0.2318744426   -0.04563775466    -0.5225092643
v    -0.2364075053   -0.04682288977    -0.5225092643
v     -0.240140979   -0.04781284258    -0.5225092643
v    -0.2410884733   -0.04754621726    -0.5805658493
v    -0.2379966026   -0.04773257284    -0.5805658493
v    -0.2342287387   -0.04795779706    -0.5805658493
v     -0.229657944   -0.04822834446    -0.5805658493
v    -0.2241436439   -0.04855100463    -0.5805658493
v     -0.217535226   -0.04893259308    -0.5805658493
v    -0.2096785106   -0.04937952381    -0.5805658493
v    -0.2004257988   -0.04989728362    -0.5805658493
v    -0.1896498778   -0.05048947025    -0.5805658493
v     -0.177261705   -0.05115583621    -0.5805658493
v    -0.1632305962   -0.05189118106    -0.5805658493
v    -0.1476041234   -0.05268273001    -0.5805658493
v    -0.1305238482    -0.0535068221    -0.5805658493
v    -0.1122323587   -0.05432738614    -0.5805658493
v   -0.09306750489   -0.05509355651    -0.5805658493
v   -0.07344223416    -0.0557416196    -0.5805658493
v   -0.05381166606   -0.05620062957    -0.5805658493
v   -0.03463280501   -0.05641942472    -0.5805658493
v   -0.01632299787   -0.05644298278    -0.5805658493
v  0.0007756681385   -0.05622897252    -0.5805658493
v    0.01641418213   -0.05573469177    -0.5805658493
v    0.03044172042   -0.05494177849    -0.5805658493
v    0.04279951143   -0.05385411327    -0.5805658493
v    0.05350419874   -0.05248860808    -0.5805658493
v    0.06262762176   -0.05086851357    -0.5805658493
v    0.07027312609   -0.04901097867    -0.5805658493
v    0.07655069719    -0.0469189078    -0.5805658493
v    0.08154640895   -0.04457237127    -0.5805658493
v    0.08527439254   -0.04192929084    -0.5805658493
v      0.087616786   -0.03899363771    -0.5805658493
v    0.08846493497   -0.03603795865    -0.5805658493
v    0.08798478664   -0.03294989337    -0.5805658493
v    0.08596743717   -0.02970879682    -0.5805658493
v    0.08249883909   -0.02661876487    -0.5805658493
v    0.07770009506   -0.02371117143    -0.5805658493
v     0.0715591758   -0.02096548734    -0.5805658493
v    0.06398753825   -0.01838706884    -0.5805658493
v    0.05487122218   -0.01601445048    -0.5805658493
v    0.04410297306   -0.01391718713    -0.5805658493
v    0.03161021396   -0.01219010711    -0.5805658493
v    0.01738151738   -0.01094165507    -0.5805658493
v   0.001489200955   -0.01028094429    -0.5805658493
v   -0.01589486475   -0.01030249772    -0.5805658493
v   -0.03449318502   -0.01106576203    -0.5805658493
v   -0.05393423769   -0.01256831901    -0.5805658493
v   -0.07378805954   -0.01465073416    -0.5805658493
v   -0.09358871344   -0.01719003426    -0.5805658493
v    -0.1128756793   -0.02006100872    -0.5805658493
v    -0.1312361541   -0.02312739386    -0.5805658493
v    -0.1483370704   -0.02625645336    -0.5805658493
v    -0.1639439404   -0.02933238876    -0.5805658493
v    -0.1779247608     -0.032261432    -0.5805658493
v    -0.1902417624   -0.03497653634    -0.5805658493
v    -0.2009344709   -0.03743604728    -0.5805658493
v     -0.210099264   -0.03962053814    -0.5805658493
v    -0.2178689034   -0.04152855335    -0.5805658493
v    -0.2243949593   -0.04317149841    -0.5805658493
v    -0.2298339469   -0.04456935101    -0.5805658493
v    -0.2343376376   -0.04574680706    -0.5805658493
v    -0.2380469204   -0.04673034549    -0.5805658493
v    -0.2389745785   -0.04645839926    -0.6386224342
v    -0.2359028721   -0.04664353948    -0.6386224342
v    -0.2321595813   -0.04686729485    -0.6386224342
v     -0.227618596   -0.04713607781    -0.6386224342
v    -0.2221402588   -0.04745663367    -0.6386224342
v    -0.2155749393   -0.04783573351    -0.6386224342
v    -0.2077694633   -0.04827974946    -0.6386224342
v    -0.1985770953   -0.04879413258    -0.6386224342
v     -0.187871452   -0.04938245712    -0.6386224342
v    -0.1755640716   -0.05004447722    -0.6386224342
v    -0.1616244702   -0.05077502635    -0.6386224342
v    -0.1460999091   -0.05156141302    -0.6386224342
v     -0.129131027    -0.0523801306    -0.6386224342
v    -0.1109588298   -0.05319534314    -0.6386224342
v   -0.09191896418   -0.05395651674    -0.6386224342
v   -0.07242168435   -0.05460035332    -0.6386224342
v   -0.05291914168   -0.05505636975    -0.6386224342
v   -0.03386536017   -0.05527373798    -0.6386224342
v   -0.01567496481    -0.0552971424    -0.6386224342
v   0.001312188158   -0.05508452786    -0.6386224342
v    0.01684871184   -0.05459347068    -0.6386224342
v    0.03078476619   -0.05380572857    -0.6386224342
v    0.04306196291   -0.05272515683    -0.6386224342
v    0.05369683704    -0.0513685571    -0.6386224342
v    0.06276075948   -0.04975902843    -0.6386224342
v    0.07035640182   -0.04791360788    -0.6386224342
v    0.07659303224   -0.04583518096    -0.6386224342
v    0.08155616327   -0.04350394792    -0.6386224342
v    0.08525983393   -0.04087810497    -0.6386224342
v    0.08758695091   -0.03796159741    -0.6386224342
v    0.08842956847   -0.03502519452    -0.6386224342
v    0.08795255154   -0.03195726879    -0.6386224342
v     0.0859483587   -0.02873730982    -0.6386224342
v    0.08250238191   -0.02566743026    -0.6386224342
v    0.07773493404   -0.02277879938    -0.6386224342
v    0.07163406425   -0.02005102193    -0.6386224342
v    0.06411180694    -0.0174894192    -0.6386224342
v    0.05505494511   -0.01513227445    -0.6386224342
v     0.0443569237    -0.0130486889    -0.6386224342
v    0.03194563912   -0.01133287245    -0.6386224342
v    0.01780973838   -0.01009256248    -0.6386224342
v     0.0020210675  -0.009436160684    -0.6386224342
v   -0.01524962386   -0.00945757355    -0.6386224342
v   -0.03372665074   -0.01021586005    -0.6386224342
v   -0.05304091394   -0.01170861774    -0.6386224342
v   -0.07276525434   -0.01377745192    -0.6386224342
v   -0.09243677354   -0.01630019137    -0.6386224342
v    -0.1115979548   -0.01915244209    -0.6386224342
v    -0.1298386874   -0.02219882906    -0.6386224342
v     -0.146828076   -0.02530748165    -0.6386224342
v    -0.1623331621    -0.0283633566    -0.6386224342
v    -0.1762228032   -0.03127329738    -0.6386224342
v    -0.1884594765   -0.03397069452    -0.6386224342
v      -0.19908245   -0.03641416518    -0.6386224342
v    -0.2081874726   -0.03858440936    -0.6386224342
v    -0.2159064405   -0.04047998099    -0.6386224342
v    -0.2223899352   -0.04211221119    -0.6386224342
v    -0.2277934511   -0.04350094736    -0.6386224342
v    -0.2322677699   -0.04467072435    -0.6386224342
v    -0.2359528617   -0.04564784839    -0.6386224342
v    -0.2368606836   -0.04537058127    -0.6966790191
v    -0.2338091416   -0.04555450613    -0.6966790191
v    -0.2300904238   -0.04577679264    -0.6966790191
v    -0.2255792481   -0.04604381116    -0.6966790191
v    -0.2201368737   -0.04636226271    -0.6966790191
v    -0.2136146525   -0.04673887393    -0.6966790191
v     -0.205860416   -0.04717997512    -0.6966790191
v    -0.1967283918   -0.04769098155    -0.6966790191
v    -0.1860930263     -0.048275444    -0.6966790191
v    -0.1738664383   -0.04893311823    -0.6966790191
v    -0.1600183441   -0.04965887163    -0.6966790191
v    -0.1445956948   -0.05044009603    -0.6966790191
v    -0.1277382058   -0.05125343909    -0.6966790191
v     -0.109685301   -0.05206330013    -0.6966790191
v   -0.09077042347   -0.05281947696    -0.6966790191
v   -0.07140113453   -0.05345908705    -0.6966790191
v   -0.05202661731   -0.05391210994    -0.6966790191
v   -0.03309791532   -0.05412805124    -0.6966790191
v   -0.01502693175   -0.05415130202    -0.6966790191
v   0.001848708178    -0.0539400832    -0.6966790191
v    0.01728324155   -0.05345224959    -0.6966790191
v    0.03112781195   -0.05266967866    -0.6966790191
v    0.04332441438   -0.05159620038    -0.6966790191
v    0.05388947534   -0.05024850612    -0.6966790191
v    0.06289389719   -0.04864954328    -0.6966790191
v    0.07043967755    -0.0468162371    -0.6966790191
v    0.07663536729   -0.04475145411    -0.6966790191
v    0.08156591759   -0.04243552457    -0.6966790191
v    0.08524527531   -0.03982691911    -0.6966790191
v    0.08755711581   -0.03692955711    -0.6966790191
v    0.08839420197   -0.03401243038    -0.6966790191
v    0.08792031644   -0.03096464421    -0.6966790191
v    0.08592928023   -0.02776582283    -0.6966790191
v    0.08250592473   -0.02471609565    -0.6966790191
v    0.07776977301   -0.02184642734    -0.6966790191
v     0.0717089527   -0.01913655652    -0.6966790191
v    0.06423607564   -0.01659176956    -0.6966790191
v    0.05523866804   -0.01425009841    -0.6966790191
v    0.04461087434   -0.01218019066    -0.6966790191
v    0.03228106427   -0.01047563778    -0.6966790191
v    0.01823795938  -0.009243469892    -0.6966790191
v   0.002552934045  -0.008591377077    -0.6966790191
v   -0.01460438298  -0.008612649378    -0.6966790191
v   -0.03296011646  -0.009365958066    -0.6966790191
v   -0.05214759019   -0.01084891647    -0.6966790191
v   -0.07174244914   -0.01290416969    -0.6966790191
v   -0.09128483364   -0.01541034848    -0.6966790191
v    -0.1103202304   -0.01824387545    -0.6966790191
v    -0.1284412207   -0.02127026426    -0.6966790191
v    -0.1453190816   -0.02435850994    -0.6966790191
v    -0.1607223838   -0.02739432444    -0.6966790191
v    -0.1745208456   -0.03028516277    -0.6966790191
v    -0.1866771906   -0.03296485271    -0.6966790191
v     -0.197230429   -0.03539228307    -0.6966790191
v    -0.2062756813   -0.03754828057    -0.6966790191
v    -0.2139439777   -0.03943140863    -0.6966790191
v    -0.2203849111   -0.04105292397    -0.6966790191
v    -0.2257529553   -0.04243254371    -0.6966790191
v    -0.2301979023   -0.04359464164    -0.6966790191
v    -0.2338588031    -0.0445653513    -0.6966790191
v    -0.2347467888   -0.04428276327     -0.754735604
v    -0.2317154111   -0.04446547277     -0.754735604
v    -0.2280212664   -0.04468629043     -0.754735604
v    -0.2235399002    -0.0449515445     -0.754735604
v    -0.2181334886   -0.04526789176     -0.754735604
v    -0.2116543658   -0.04564201435     -0.754735604
v    -0.2039513688   -0.04608020078     -0.754735604
v    -0.1948796883   -0.04658783051     -0.754735604
v    -0.1843146005   -0.04716843087     -0.754735604
v     -0.172168805   -0.04782175924     -0.754735604
v     -0.158412218   -0.04854271692     -0.754735604
v    -0.1430914805   -0.04931877904     -0.754735604
v    -0.1263453846   -0.05012674759     -0.754735604
v    -0.1084117721   -0.05093125712     -0.754735604
v   -0.08962188275   -0.05168243719     -0.754735604
v   -0.07038058471   -0.05231782078     -0.754735604
v   -0.05113409294   -0.05276785013     -0.754735604
v   -0.03233047048    -0.0529823645     -0.754735604
v   -0.01437889869   -0.05300546164     -0.754735604
v   0.002385228198   -0.05279563854     -0.754735604
v    0.01771777126    -0.0523110285     -0.754735604
v    0.03147085772   -0.05153362874     -0.754735604
v    0.04358686586   -0.05046724393     -0.754735604
v    0.05408211364   -0.04912845514     -0.754735604
v     0.0630270349   -0.04754005814     -0.754735604
v    0.07052295328   -0.04571886631     -0.754735604
v    0.07667770234   -0.04366772726     -0.754735604
v    0.08157567191   -0.04136710122     -0.754735604
v    0.08523071669   -0.03877573324     -0.754735604
v    0.08752728071   -0.03589751681     -0.754735604
v    0.08835883546   -0.03299966625     -0.754735604
v    0.08788808134   -0.02997201964     -0.754735604
v    0.08591020175   -0.02679433584     -0.754735604
v    0.08250946754   -0.02376476104     -0.754735604
v    0.07780461199    -0.0209140553     -0.754735604
v    0.07178384115   -0.01822209111     -0.754735604
v    0.06436034433   -0.01569411993     -0.754735604
v    0.05542239096   -0.01336792237     -0.754735604
v    0.04486482498   -0.01131169243     -0.754735604
v    0.03261648943   -0.00961840311     -0.754735604
v    0.01866618039  -0.008394377302     -0.754735604
v    0.00308480059  -0.007746593471     -0.754735604
v   -0.01395914209  -0.007767725206     -0.754735604
v   -0.03219358218  -0.008516056083     -0.754735604
v   -0.05125426643  -0.009989215207     -0.754735604
v   -0.07071964394   -0.01203088745     -0.754735604
v   -0.09013289374   -0.01452050559     -0.754735604
v    -0.1090425059   -0.01733530882     -0.754735604
v     -0.127043754   -0.02034169946     -0.754735604
v    -0.1438100872   -0.02340953823     -0.754735604
v    -0.1591116054   -0.02642529228     -0.754735604
v     -0.172818888   -0.02929702816     -0.754735604
v    -0.1848949048   -0.03195901089     -0.754735604
v    -0.1953784081   -0.03437040097     -0.754735604
v      -0.20436389   -0.03651215179     -0.754735604
v    -0.2119815148   -0.03838283627     -0.754735604
v     -0.218379887   -0.03999363675     -0.754735604
v    -0.2237124596   -0.04136414006     -0.754735604
v    -0.2281280346   -0.04251855892     -0.754735604
v    -0.2317647444   -0.04348285421     -0.754735604
v    -0.2326328939   -0.04319494528     -0.812792189
v    -0.2296216806   -0.04337643941     -0.812792189
v    -0.2259521089   -0.04359578822     -0.812792189
v    -0.2215005523   -0.04385927785     -0.812792189
v    -0.2161301035    -0.0441735208     -0.812792189
v    -0.2096940791   -0.04454515478     -0.812792189
v    -0.2020423215   -0.04498042644     -0.812792189
v    -0.1930309848   -0.04548467947     -0.812792189
v    -0.1825361748   -0.04606141775     -0.812792189
v    -0.1704711717   -0.04671040025     -0.812792189
v    -0.1568060919    -0.0474265622     -0.812792189
v    -0.1415872662   -0.04819746205     -0.812792189
v    -0.1249525633   -0.04900005608     -0.812792189
v    -0.1071382432   -0.04979921411     -0.812792189
v   -0.08847334204   -0.05054539742     -0.812792189
v   -0.06936003489   -0.05117655451     -0.812792189
v   -0.05024156856   -0.05162359031     -0.812792189
v   -0.03156302563   -0.05183667776     -0.812792189
v   -0.01373086563   -0.05185962126     -0.812792189
v   0.002921748218   -0.05165119388     -0.812792189
v    0.01815230097   -0.05116980741     -0.812792189
v    0.03181390348   -0.05039757883     -0.812792189
v    0.04384931734   -0.04933828748     -0.812792189
v    0.05427475194   -0.04800840417     -0.812792189
v    0.06316017262   -0.04643057299     -0.812792189
v    0.07060622901   -0.04462149552     -0.812792189
v    0.07672003739   -0.04258400042     -0.812792189
v    0.08158542623   -0.04029867788     -0.812792189
v    0.08521615807   -0.03772454737     -0.812792189
v    0.08749744562    -0.0348654765     -0.812792189
v    0.08832346896   -0.03198690211     -0.812792189
v    0.08785584624   -0.02897939506     -0.812792189
v    0.08589112328   -0.02582284885     -0.812792189
v    0.08251301036   -0.02281342643     -0.812792189
v    0.07783945096   -0.01998168325     -0.812792189
v     0.0718587296    -0.0173076257     -0.812792189
v    0.06448461302   -0.01479647029     -0.812792189
v    0.05560611389   -0.01248574633     -0.812792189
v    0.04511877562    -0.0104431942     -0.812792189
v    0.03295191458  -0.008761168441     -0.812792189
v    0.01909440139  -0.007545284713     -0.812792189
v   0.003616667135  -0.006901809865     -0.812792189
v    -0.0133139012  -0.006922801034     -0.812792189
v    -0.0314270479    -0.0076661541     -0.812792189
v   -0.05036094268  -0.009129513939     -0.812792189
v   -0.06969683874   -0.01115760522     -0.812792189
v   -0.08898095384   -0.01363066271     -0.812792189
v    -0.1077647815   -0.01642674218     -0.812792189
v    -0.1256462873   -0.01941313466     -0.812792189
v    -0.1423010928   -0.02246056652     -0.812792189
v    -0.1575008271   -0.02545626013     -0.812792189
v    -0.1711169304   -0.02830889354     -0.812792189
v    -0.1831126189   -0.03095316908     -0.812792189
v    -0.1935263872   -0.03334851886     -0.812792189
v    -0.2024520987   -0.03547602301     -0.812792189
v    -0.2100190519   -0.03733426391     -0.812792189
v    -0.2163748629   -0.03893434953     -0.812792189
v    -0.2216719638   -0.04029573641     -0.812792189
v    -0.2260581669   -0.04144247621     -0.812792189
v    -0.2296706858   -0.04240035712     -0.812792189
v    -0.2296339319   -0.04313241884     -0.812792189
v    -0.2259786234   -0.04305746022     -0.812792189
v    -0.2215434051   -0.04296839249     -0.812792189
v    -0.2161912933   -0.04286372798     -0.812792189
v    -0.2097753223   -0.04274243206     -0.812792189
v    -0.2021447658   -0.04260432558     -0.812792189
v    -0.1931548354   -0.04245063932     -0.812792189
v    -0.1826802858   -0.04228435558     -0.812792189
v    -0.1706326113   -0.04211002358     -0.812792189
v    -0.1569797757   -0.04193398668     -0.812792189
v    -0.1417657228   -0.04176323816     -0.812792189
v    -0.1251259943   -0.04160332573     -0.812792189
v    -0.1072948777   -0.04145609612     -0.812792189
v   -0.08860024499   -0.04131671374     -0.812792189
v   -0.06944423586   -0.04117181719     -0.812792189
v   -0.05027141209   -0.04100007122     -0.812792189
v    -0.0315290312   -0.04079404685     -0.812792189
v   -0.01362662453   -0.04062541621     -0.812792189
v   0.003095477947   -0.04046384788     -0.812792189
v    0.01838782608   -0.04026367674     -0.812792189
v    0.03209840626   -0.03998847623     -0.812792189
v    0.04416668191   -0.03961451416     -0.812792189
v    0.05460759243   -0.03912773971     -0.812792189
v    0.06349128272   -0.03852204732     -0.812792189
v    0.07091935415   -0.03779302807     -0.812792189
v    0.07699989078   -0.03693342113     -0.812792189
v    0.08181732226   -0.03592736501     -0.812792189
v    0.08538489937   -0.03474912274     -0.812792189
v    0.08758704577   -0.03339395614     -0.812792189
v    0.08776624608   -0.03045091542     -0.812792189
v    0.08572238198   -0.02879827348     -0.812792189
v    0.08228111433   -0.02718473929     -0.812792189
v    0.07755959757   -0.02563226254     -0.812792189
v    0.07154560445   -0.02413609316     -0.812792189
v    0.06415350292   -0.02270499597     -0.812792189
v     0.0552732734   -0.02136641079     -0.812792189
v    0.04480141105   -0.02016696752     -0.812792189
v    0.03266741181   -0.01917027104     -0.812792189
v    0.01885887629   -0.01845141539     -0.812792189
v   0.003442937406   -0.01808915587     -0.812792189
v   -0.01341814231   -0.01815700609     -0.812792189
v   -0.03146104234   -0.01870878501     -0.812792189
v   -0.05033109915   -0.01975303303     -0.812792189
v   -0.06961263778   -0.02116234254     -0.812792189
v   -0.08885405089   -0.02285934638     -0.812792189
v    -0.1076081469   -0.02476986016     -0.812792189
v    -0.1254728563   -0.02680986502     -0.812792189
v    -0.1421226362    -0.0288947904     -0.812792189
v    -0.1573271433   -0.03094883565     -0.812792189
v    -0.1709554907   -0.03290927022     -0.812792189
v    -0.1829685079   -0.03473023125     -0.812792189
v    -0.1934025366   -0.03638255902     -0.812792189
v    -0.2023496544   -0.03785212386     -0.812792189
v    -0.2099378087   -0.03913698663     -0.812792189
v     -0.216313673   -0.04024414235     -0.812792189
v    -0.2216291109   -0.04118662177     -0.812792189
v    -0.2260316524   -0.04198080421     -0.812792189
v    -0.2296584345   -0.04264437769     -0.812792189
v    -0.2296461832   -0.04288839826     -0.812792189
v    -0.2260051379   -0.04251913221     -0.812792189
v     -0.221586258   -0.04207750713     -0.812792189
v    -0.2162524832   -0.04155393517     -0.812792189
v    -0.2098565655   -0.04093970934     -0.812792189
v    -0.2022472101   -0.04022822472     -0.812792189
v     -0.193278686   -0.03941659917     -0.812792189
v    -0.1828243968   -0.03850729341     -0.812792189
v     -0.170794051    -0.0375096469     -0.812792189
v    -0.1571534595   -0.03644141116     -0.812792189
v    -0.1419441795   -0.03532901428     -0.812792189
v    -0.1252994253   -0.03420659537     -0.812792189
v    -0.1074515123   -0.03311297814     -0.812792189
v   -0.08872714794   -0.03208803006     -0.812792189
v   -0.06952843682   -0.03116707986     -0.812792189
v   -0.05030125562   -0.03037655212     -0.812792189
v   -0.03149503677   -0.02975141593     -0.812792189
v   -0.01352238342   -0.02939121115     -0.812792189
v   0.003269207677   -0.02927650187     -0.812792189
v    0.01862335118   -0.02935754606     -0.812792189
v    0.03238290903   -0.02957937363     -0.812792189
v    0.04448404648   -0.02989074084     -0.812792189
v    0.05494043292   -0.03024707525     -0.812792189
v    0.06382239282   -0.03061352164     -0.812792189
v     0.0712324793   -0.03096456061     -0.812792189
v    0.07727974417   -0.03128284183     -0.812792189
v    0.08204921829   -0.03155605215     -0.812792189
v    0.08555364068   -0.03177369811     -0.812792189
v    0.08767664593   -0.03192243578     -0.812792189
v       -0.8043854         0.060216 -9.482163396e-17
v    -0.8023312039     0.0585168291         0.015054
v       -0.8043854         0.060216         0.015054
v    -0.8023312039     0.0585168291  -9.46741117e-17
v    -0.7838733791    0.05519086605         0.015054
v    -0.7838733791    0.05519086605 -9.261733659e-17
v       -0.7240974         0.052689         0.015054
v       -0.7240974         0.052689 -8.545008556e-17
v    -0.6643214209    0.05519086605  -7.79764443e-17
v    -0.6643214209    0.05519086605         0.015054
v    -0.6458635961     0.0585168291 -7.551235619e-17
v    -0.6458635961     0.0585168291         0.015054
v       -0.6438094         0.060216 -7.515674551e-17
v       -0.6438094         0.060216         0.015054
v    -0.6458635961     0.0619151709         0.015054
v    -0.6458635961     0.0619151709 -7.530426777e-17
v    -0.6643214209    0.06524113395         0.015054
v    -0.6643214209    0.06524113395 -7.736104288e-17
v       -0.7240974         0.067743         0.015054
v       -0.7240974         0.067743 -8.452829391e-17
v    -0.7838733791    0.06524113395 -9.200193517e-17
v    -0.7838733791    0.06524113395         0.015054
v    -0.8023312039     0.0619151709 -9.446602328e-17
v    -0.8023312039     0.0619151709         0.015054
v    -0.8202739706     0.0585168291         0.027599
v    -0.8225207475         0.060216         0.027599
v    -0.8000857247    0.05519086605         0.027599
v    -0.7347057475         0.052689         0.027599
v    -0.6693257704    0.05519086605         0.027599
v    -0.6491375245     0.0585168291         0.027599
v    -0.6468907475         0.060216         0.027599
v    -0.6491375245     0.0619151709         0.027599
v    -0.6693257704    0.06524113395         0.027599
v    -0.7347057475         0.067743         0.027599
v    -0.8000857247    0.06524113395         0.027599
v    -0.8202739706     0.0619151709         0.027599
v    -0.8382167372     0.0585168291         0.040144
v    -0.8406560951         0.060216         0.040144
v    -0.8162980703    0.05519086605         0.040144
v    -0.7453140951         0.052689         0.040144
v    -0.6743301199    0.05519086605         0.040144
v    -0.6524114529     0.0585168291         0.040144
v    -0.6499720951         0.060216         0.040144
v    -0.6524114529     0.0619151709         0.040144
v    -0.6743301199    0.06524113395         0.040144
v    -0.7453140951         0.067743         0.040144
v    -0.8162980703    0.06524113395         0.040144
v    -0.8382167372     0.0619151709         0.040144
v    -0.8561595039     0.0585168291         0.052689
v    -0.8587914426         0.060216         0.052689
v    -0.8325104158    0.05519086605         0.052689
v    -0.7559224426         0.052689         0.052689
v    -0.6793344694    0.05519086605         0.052689
v    -0.6556853814     0.0585168291         0.052689
v    -0.6530534426         0.060216         0.052689
v    -0.6556853814     0.0619151709         0.052689
v    -0.6793344694    0.06524113395         0.052689
v    -0.7559224426         0.067743         0.052689
v    -0.8325104158    0.06524113395         0.052689
v    -0.8561595039     0.0619151709         0.052689
v    -0.8741022706     0.0585168291         0.065234
v    -0.8769267902         0.060216         0.065234
v    -0.8487227614    0.05519086605         0.065234
v    -0.7665307902         0.052689         0.065234
v    -0.6843388189    0.05519086605         0.065234
v    -0.6589593098     0.0585168291         0.065234
v    -0.6561347902         0.060216         0.065234
v    -0.6589593098     0.0619151709         0.065234
v    -0.6843388189    0.06524113395         0.065234
v    -0.7665307902         0.067743         0.065234
v    -0.8487227614    0.06524113395         0.065234
v    -0.8741022706     0.0619151709         0.065234
v    -0.8735883075     0.0585168291    0.08100485714
v    -0.8763559699         0.060216    0.08100485714
v    -0.8487196846    0.05519086605    0.08100485714
v    -0.7681822271         0.052689    0.08100485714
v    -0.6876447695    0.05519086605    0.08100485714
v    -0.6627761466     0.0585168291    0.08100485714
v    -0.6600084842         0.060216    0.08100485714
v    -0.6627761466     0.0619151709    0.08100485714
v    -0.6876447695    0.06524113395    0.08100485714
v    -0.7681822271         0.067743    0.08100485714
v    -0.8487196846    0.06524113395    0.08100485714
v    -0.8735883075     0.0619151709    0.08100485714
v    -0.8730743445     0.0585168291    0.09677571429
v    -0.8757851497         0.060216    0.09677571429
v    -0.8487166078    0.05519086605    0.09677571429
v     -0.769833664         0.052689    0.09677571429
v    -0.6909507201    0.05519086605    0.09677571429
v    -0.6665929835     0.0585168291    0.09677571429
v    -0.6638821783         0.060216    0.09677571429
v    -0.6665929835     0.0619151709    0.09677571429
v    -0.6909507201    0.06524113395    0.09677571429
v     -0.769833664         0.067743    0.09677571429
v    -0.8487166078    0.06524113395    0.09677571429
v    -0.8730743445     0.0619151709    0.09677571429
v    -0.8725603815     0.0585168291     0.1125465714
v    -0.8752143295         0.060216     0.1125465714
v     -0.848713531    0.05519086605     0.1125465714
v    -0.7714851009         0.052689     0.1125465714
v    -0.6942566708    0.05519086605     0.1125465714
v    -0.6704098203     0.0585168291     0.1125465714
v    -0.6677558723         0.060216     0.1125465714
v    -0.6704098203     0.0619151709     0.1125465714
v    -0.6942566708    0.06524113395     0.1125465714
v    -0.7714851009         0.067743     0.1125465714
v     -0.848713531    0.06524113395     0.1125465714
v    -0.8725603815     0.0619151709     0.1125465714
v    -0.8720464185     0.0585168291     0.1283174286
v    -0.8746435092         0.060216     0.1283174286
v    -0.8487104542    0.05519086605     0.1283174286
v    -0.7731365378         0.052689     0.1283174286
v    -0.6975626214    0.05519086605     0.1283174286
v    -0.6742266571     0.0585168291     0.1283174286
v    -0.6716295664         0.060216     0.1283174286
v    -0.6742266571     0.0619151709     0.1283174286
v    -0.6975626214    0.06524113395     0.1283174286
v    -0.7731365378         0.067743     0.1283174286
v    -0.8487104542    0.06524113395     0.1283174286
v    -0.8720464185     0.0619151709     0.1283174286
v    -0.8715324554     0.0585168291     0.1440882857
v     -0.874072689         0.060216     0.1440882857
v    -0.8487073774    0.05519086605     0.1440882857
v    -0.7747879747         0.052689     0.1440882857
v     -0.700868572    0.05519086605     0.1440882857
v     -0.678043494     0.0585168291     0.1440882857
v    -0.6755032604         0.060216     0.1440882857
v     -0.678043494     0.0619151709     0.1440882857
v     -0.700868572    0.06524113395     0.1440882857
v    -0.7747879747         0.067743     0.1440882857
v    -0.8487073774    0.06524113395     0.1440882857
v    -0.8715324554     0.0619151709     0.1440882857
v    -0.8710184924     0.0585168291     0.1598591429
v    -0.8735018688         0.060216     0.1598591429
v    -0.8487043006    0.05519086605     0.1598591429
v    -0.7764394116         0.052689     0.1598591429
v    -0.7041745226    0.05519086605     0.1598591429
v    -0.6818603308     0.0585168291     0.1598591429
v    -0.6793769545         0.060216     0.1598591429
v    -0.6818603308     0.0619151709     0.1598591429
v    -0.7041745226    0.06524113395     0.1598591429
v    -0.7764394116         0.067743     0.1598591429
v    -0.8487043006    0.06524113395     0.1598591429
v    -0.8710184924     0.0619151709     0.1598591429
v    -0.8705045294     0.0585168291          0.17563
v    -0.8729310485         0.060216          0.17563
v    -0.8487012238    0.05519086605          0.17563
v    -0.7780908485         0.052689          0.17563
v    -0.7074804732    0.05519086605          0.17563
v    -0.6856771676     0.0585168291          0.17563
v    -0.6832506485         0.060216          0.17563
v    -0.6856771676     0.0619151709          0.17563
v    -0.7074804732    0.06524113395          0.17563
v    -0.7780908485         0.067743          0.17563
v    -0.8487012238    0.06524113395          0.17563
v    -0.8705045294     0.0619151709          0.17563
v    -0.8699905664     0.0585168291     0.1914008571
v    -0.8723602283         0.060216     0.1914008571
v     -0.848698147    0.05519086605     0.1914008571
v    -0.7797422854         0.052689     0.1914008571
v    -0.7107864238    0.05519086605     0.1914008571
v    -0.6894940045     0.0585168291     0.1914008571
v    -0.6871243426         0.060216     0.1914008571
v    -0.6894940045     0.0619151709     0.1914008571
v    -0.7107864238    0.06524113395     0.1914008571
v    -0.7797422854         0.067743     0.1914008571
v     -0.848698147    0.06524113395     0.1914008571
v    -0.8699905664     0.0619151709     0.1914008571
v    -0.8694766034     0.0585168291     0.2071717143
v    -0.8717894081         0.060216     0.2071717143
v    -0.8486950702    0.05519086605     0.2071717143
v    -0.7813937223         0.052689     0.2071717143
v    -0.7140923744    0.05519086605     0.2071717143
v    -0.6933108413     0.0585168291     0.2071717143
v    -0.6909980366         0.060216     0.2071717143
v    -0.6933108413     0.0619151709     0.2071717143
v    -0.7140923744    0.06524113395     0.2071717143
v    -0.7813937223         0.067743     0.2071717143
v    -0.8486950702    0.06524113395     0.2071717143
v    -0.8694766034     0.0619151709     0.2071717143
v    -0.8689626403     0.0585168291     0.2229425714
v    -0.8712185878         0.060216     0.2229425714
v    -0.8486919934    0.05519086605     0.2229425714
v    -0.7830451592         0.052689     0.2229425714
v    -0.7173983251    0.05519086605     0.2229425714
v    -0.6971276782     0.0585168291     0.2229425714
v    -0.6948717307         0.060216     0.2229425714
v    -0.6971276782     0.0619151709     0.2229425714
v    -0.7173983251    0.06524113395     0.2229425714
v    -0.7830451592         0.067743     0.2229425714
v    -0.8486919934    0.06524113395     0.2229425714
v    -0.8689626403     0.0619151709     0.2229425714
v    -0.8684486773     0.0585168291     0.2387134286
v    -0.8706477676         0.060216     0.2387134286
v    -0.8486889166    0.05519086605     0.2387134286
v    -0.7846965962         0.052689     0.2387134286
v    -0.7207042757    0.05519086605     0.2387134286
v     -0.700944515     0.0585168291     0.2387134286
v    -0.6987454247         0.060216     0.2387134286
v     -0.700944515     0.0619151709     0.2387134286
v    -0.7207042757    0.06524113395     0.2387134286
v    -0.7846965962         0.067743     0.2387134286
v    -0.8486889166    0.06524113395     0.2387134286
v    -0.8684486773     0.0619151709     0.2387134286
v    -0.8679347143     0.0585168291     0.2544842857
v    -0.8700769474         0.060216     0.2544842857
v    -0.8486858398    0.05519086605     0.2544842857
v    -0.7863480331         0.052689     0.2544842857
v    -0.7240102263    0.05519086605     0.2544842857
v    -0.7047613518     0.0585168291     0.2544842857
v    -0.7026191188         0.060216     0.2544842857
v    -0.7047613518     0.0619151709     0.2544842857
v    -0.7240102263    0.06524113395     0.2544842857
v    -0.7863480331         0.067743     0.2544842857
v    -0.8486858398    0.06524113395     0.2544842857
v    -0.8679347143     0.0619151709     0.2544842857
v    -0.8674207513     0.0585168291     0.2702551429
v    -0.8695061271         0.060216     0.2702551429
v     -0.848682763    0.05519086605     0.2702551429
v      -0.78799947         0.052689     0.2702551429
v    -0.7273161769    0.05519086605     0.2702551429
v    -0.7085781887     0.0585168291     0.2702551429
v    -0.7064928128         0.060216     0.2702551429
v    -0.7085781887     0.0619151709     0.2702551429
v    -0.7273161769    0.06524113395     0.2702551429
v      -0.78799947         0.067743     0.2702551429
v     -0.848682763    0.06524113395     0.2702551429
v    -0.8674207513     0.0619151709     0.2702551429
v    -0.8669067883     0.0585168291         0.286026
v    -0.8689353069         0.060216         0.286026
v    -0.8486796862    0.05519086605         0.286026
v    -0.7896509069         0.052689         0.286026
v    -0.7306221275    0.05519086605         0.286026
v    -0.7123950255     0.0585168291         0.286026
v    -0.7103665069         0.060216         0.286026
v    -0.7123950255     0.0619151709         0.286026
v    -0.7306221275    0.06524113395         0.286026
v    -0.7896509069         0.067743         0.286026
v    -0.8486796862    0.06524113395         0.286026
v    -0.8669067883     0.0619151709         0.286026
v    -0.8669067883    0.05936641455         0.286026
v    -0.8486796862    0.05770343303         0.286026
v    -0.7896509069        0.0564525         0.286026
v    -0.7306221275    0.05770343303         0.286026
v    -0.7123950255    0.05936641455         0.286026
v    -0.7123950255    0.06106558545         0.286026
v    -0.7306221275    0.06272856697         0.286026
v    -0.7896509069        0.0639795         0.286026
v    -0.8486796862    0.06272856697         0.286026
v    -0.8669067883    0.06106558545         0.286026
v    -0.8669067883         0.060216         0.286026
v    -0.8486796862         0.060216         0.286026
v    -0.7896509069         0.060216         0.286026
v    -0.7306221275         0.060216         0.286026
v    -0.7123950255         0.060216         0.286026
v       -0.8043854         0.060216        -0.015054
v    -0.8023312039     0.0585168291        -0.015054
v    -0.7838733791    0.05519086605        -0.015054
v       -0.7240974         0.052689        -0.015054
v    -0.6643214209    0.05519086605        -0.015054
v    -0.6458635961     0.0585168291        -0.015054
v       -0.6438094         0.060216        -0.015054
v    -0.6458635961     0.0619151709        -0.015054
v    -0.6643214209    0.06524113395        -0.015054
v       -0.7240974         0.067743        -0.015054
v    -0.7838733791    0.06524113395        -0.015054
v    -0.8023312039     0.0619151709        -0.015054
v    -0.8225207475         0.060216        -0.027599
v    -0.8202739706     0.0585168291        -0.027599
v    -0.8000857247    0.05519086605        -0.027599
v    -0.7347057475         0.052689        -0.027599
v    -0.6693257704    0.05519086605        -0.027599
v    -0.6491375245     0.0585168291        -0.027599
v    -0.6468907475         0.060216        -0.027599
v    -0.6491375245     0.0619151709        -0.027599
v    -0.6693257704    0.06524113395        -0.027599
v    -0.7347057475         0.067743        -0.027599
v    -0.8000857247    0.06524113395        -0.027599
v    -0.8202739706     0.0619151709        -0.027599
v    -0.8406560951         0.060216        -0.040144
v    -0.8382167372     0.0585168291        -0.040144
v    -0.8162980703    0.05519086605        -0.040144
v    -0.7453140951         0.052689        -0.040144
v    -0.6743301199    0.05519086605        -0.040144
v    -0.6524114529     0.0585168291        -0.040144
v    -0.6499720951         0.060216        -0.040144
v    -0.6524114529     0.0619151709        -0.040144
v    -0.6743301199    0.06524113395        -0.040144
v    -0.7453140951         0.067743        -0.040144
v    -0.8162980703    0.06524113395        -0.040144
v    -0.8382167372     0.0619151709        -0.040144
v    -0.8587914426         0.060216        -0.052689
v    -0.8561595039     0.0585168291        -0.052689
v    -0.8325104158    0.05519086605        -0.052689
v    -0.7559224426         0.052689        -0.052689
v    -0.6793344694    0.05519086605        -0.052689
v    -0.6556853814     0.0585168291        -0.052689
v    -0.6530534426         0.060216        -0.052689
v    -0.6556853814     0.0619151709        -0.052689
v    -0.6793344694    0.06524113395        -0.052689
v    -0.7559224426         0.067743        -0.052689
v    -0.8325104158    0.06524113395        -0.052689
v    -0.8561595039     0.0619151709        -0.052689
v    -0.8769267902         0.060216        -0.065234
v    -0.8741022706     0.0585168291        -0.065234
v    -0.8487227614    0.05519086605        -0.065234
v    -0.7665307902         0.052689        -0.065234
v    -0.6843388189    0.05519086605        -0.065234
v    -0.6589593098     0.0585168291        -0.065234
v    -0.6561347902         0.060216        -0.065234
v    -0.6589593098     0.0619151709        -0.065234
v    -0.6843388189    0.06524113395        -0.065234
v    -0.7665307902         0.067743        -0.065234
v    -0.8487227614    0.06524113395        -0.065234
v    -0.8741022706     0.0619151709        -0.065234
v    -0.8763559699         0.060216   -0.08100485714
v    -0.8735883075     0.0585168291   -0.08100485714
v    -0.8487196846    0.05519086605   -0.08100485714
v    -0.7681822271         0.052689   -0.08100485714
v    -0.6876447695    0.05519086605   -0.08100485714
v    -0.6627761466     0.0585168291   -0.08100485714
v    -0.6600084842         0.060216   -0.08100485714
v    -0.6627761466     0.0619151709   -0.08100485714
v    -0.6876447695    0.06524113395   -0.08100485714
v    -0.7681822271         0.067743   -0.08100485714
v    -0.8487196846    0.06524113395   -0.08100485714
v    -0.8735883075     0.0619151709   -0.08100485714
v    -0.8757851497         0.060216   -0.09677571429
v    -0.8730743445     0.0585168291   -0.09677571429
v    -0.8487166078    0.05519086605   -0.09677571429
v     -0.769833664         0.052689   -0.09677571429
v    -0.6909507201    0.05519086605   -0.09677571429
v    -0.6665929835     0.0585168291   -0.09677571429
v    -0.6638821783         0.060216   -0.09677571429
v    -0.6665929835     0.0619151709   -0.09677571429
v    -0.6909507201    0.06524113395   -0.09677571429
v     -0.769833664         0.067743   -0.09677571429
v    -0.8487166078    0.06524113395   -0.09677571429
v    -0.8730743445     0.0619151709   -0.09677571429
v    -0.8752143295         0.060216    -0.1125465714
v    -0.8725603815     0.0585168291    -0.1125465714
v     -0.848713531    0.05519086605    -0.1125465714
v    -0.7714851009         0.052689    -0.1125465714
v    -0.6942566708    0.05519086605    -0.1125465714
v    -0.6704098203     0.0585168291    -0.1125465714
v    -0.6677558723         0.060216    -0.1125465714
v    -0.6704098203     0.0619151709    -0.1125465714
v    -0.6942566708    0.06524113395    -0.1125465714
v    -0.7714851009         0.067743    -0.1125465714
v     -0.848713531    0.06524113395    -0.1125465714
v    -0.8725603815     0.0619151709    -0.1125465714
v    -0.8746435092         0.060216    -0.1283174286
v    -0.8720464185     0.0585168291    -0.1283174286
v    -0.8487104542    0.05519086605    -0.1283174286
v    -0.7731365378         0.052689    -0.1283174286
v    -0.6975626214    0.05519086605    -0.1283174286
v    -0.6742266571     0.0585168291    -0.1283174286
v    -0.6716295664         0.060216    -0.1283174286
v    -0.6742266571     0.0619151709    -0.1283174286
v    -0.6975626214    0.06524113395    -0.1283174286
v    -0.7731365378         0.067743    -0.1283174286
v    -0.8487104542    0.06524113395    -0.1283174286
v    -0.8720464185     0.0619151709    -0.1283174286
v     -0.874072689         0.060216    -0.1440882857
v    -0.8715324554     0.0585168291    -0.1440882857
v    -0.8487073774    0.05519086605    -0.1440882857
v    -0.7747879747         0.052689    -0.1440882857
v     -0.700868572    0.05519086605    -0.1440882857
v     -0.678043494     0.0585168291    -0.1440882857
v    -0.6755032604         0.060216    -0.1440882857
v     -0.678043494     0.0619151709    -0.1440882857
v     -0.700868572    0.06524113395    -0.1440882857
v    -0.7747879747         0.067743    -0.1440882857
v    -0.8487073774    0.06524113395    -0.1440882857
v    -0.8715324554     0.0619151709    -0.1440882857
v    -0.8735018688         0.060216    -0.1598591429
v    -0.8710184924     0.0585168291    -0.1598591429
v    -0.8487043006    0.05519086605    -0.1598591429
v    -0.7764394116         0.052689    -0.1598591429
v    -0.7041745226    0.05519086605    -0.1598591429
v    -0.6818603308     0.0585168291    -0.1598591429
v    -0.6793769545         0.060216    -0.1598591429
v    -0.6818603308     0.0619151709    -0.1598591429
v    -0.7041745226    0.06524113395    -0.1598591429
v    -0.7764394116         0.067743    -0.1598591429
v    -0.8487043006    0.06524113395    -0.1598591429
v    -0.8710184924     0.0619151709    -0.1598591429
v    -0.8729310485         0.060216         -0.17563
v    -0.8705045294     0.0585168291         -0.17563
v    -0.8487012238    0.05519086605         -0.17563
v    -0.7780908485         0.052689         -0.17563
v    -0.7074804732    0.05519086605         -0.17563
v    -0.6856771676     0.0585168291         -0.17563
v    -0.6832506485         0.060216         -0.17563
v    -0.6856771676     0.0619151709         -0.17563
v    -0.7074804732    0.06524113395         -0.17563
v    -0.7780908485         0.067743         -0.17563
v    -0.8487012238    0.06524113395         -0.17563
v    -0.8705045294     0.0619151709         -0.17563
v    -0.8723602283         0.060216    -0.1914008571
v    -0.8699905664     0.0585168291    -0.1914008571
v     -0.848698147    0.05519086605    -0.1914008571
v    -0.7797422854         0.052689    -0.1914008571
v    -0.7107864238    0.05519086605    -0.1914008571
v    -0.6894940045     0.0585168291    -0.1914008571
v    -0.6871243426         0.060216    -0.1914008571
v    -0.6894940045     0.0619151709    -0.1914008571
v    -0.7107864238    0.06524113395    -0.1914008571
v    -0.7797422854         0.067743    -0.1914008571
v     -0.848698147    0.06524113395    -0.1914008571
v    -0.8699905664     0.0619151709    -0.1914008571
v    -0.8717894081         0.060216    -0.2071717143
v    -0.8694766034     0.0585168291    -0.2071717143
v    -0.8486950702    0.05519086605    -0.2071717143
v    -0.7813937223         0.052689    -0.2071717143
v    -0.7140923744    0.05519086605    -0.2071717143
v    -0.6933108413     0.0585168291    -0.2071717143
v    -0.6909980366         0.060216    -0.2071717143
v    -0.6933108413     0.0619151709    -0.2071717143
v    -0.7140923744    0.06524113395    -0.2071717143
v    -0.7813937223         0.067743    -0.2071717143
v    -0.8486950702    0.06524113395    -0.2071717143
v    -0.8694766034     0.0619151709    -0.2071717143
v    -0.8712185878         0.060216    -0.2229425714
v    -0.8689626403     0.0585168291    -0.2229425714
v    -0.8486919934    0.05519086605    -0.2229425714
v    -0.7830451592         0.052689    -0.2229425714
v    -0.7173983251    0.05519086605    -0.2229425714
v    -0.6971276782     0.0585168291    -0.2229425714
v    -0.6948717307         0.060216    -0.2229425714
v    -0.6971276782     0.0619151709    -0.2229425714
v    -0.7173983251    0.06524113395    -0.2229425714
v    -0.7830451592         0.067743    -0.2229425714
v    -0.8486919934    0.06524113395    -0.2229425714
v    -0.8689626403     0.0619151709    -0.2229425714
v    -0.8706477676         0.060216    -0.2387134286
v    -0.8684486773     0.0585168291    -0.2387134286
v    -0.8486889166    0.05519086605    -0.2387134286
v    -0.7846965962         0.052689    -0.2387134286
v    -0.7207042757    0.05519086605    -0.2387134286
v     -0.700944515     0.0585168291    -0.2387134286
v    -0.6987454247         0.060216    -0.2387134286
v     -0.700944515     0.0619151709    -0.2387134286
v    -0.7207042757    0.06524113395    -0.2387134286
v    -0.7846965962         0.067743    -0.2387134286
v    -0.8486889166    0.06524113395    -0.2387134286
v    -0.8684486773     0.0619151709    -0.2387134286
v    -0.8700769474         0.060216    -0.2544842857
v    -0.8679347143     0.0585168291    -0.2544842857
v    -0.8486858398    0.05519086605    -0.2544842857
v    -0.7863480331         0.052689    -0.2544842857
v    -0.7240102263    0.05519086605    -0.2544842857
v    -0.7047613518     0.0585168291    -0.2544842857
v    -0.7026191188         0.060216    -0.2544842857
v    -0.7047613518     0.0619151709    -0.2544842857
v    -0.7240102263    0.06524113395    -0.2544842857
v    -0.7863480331         0.067743    -0.2544842857
v    -0.8486858398    0.06524113395    -0.2544842857
v    -0.8679347143     0.0619151709    -0.2544842857
v    -0.8695061271         0.060216    -0.2702551429
v    -0.8674207513     0.0585168291    -0.2702551429
v     -0.848682763    0.05519086605    -0.2702551429
v      -0.78799947         0.052689    -0.2702551429
v    -0.7273161769    0.05519086605    -0.2702551429
v    -0.7085781887     0.0585168291    -0.2702551429
v    -0.7064928128         0.060216    -0.2702551429
v    -0.7085781887     0.0619151709    -0.2702551429
v    -0.7273161769    0.06524113395    -0.2702551429
v      -0.78799947         0.067743    -0.2702551429
v     -0.848682763    0.06524113395    -0.2702551429
v    -0.8674207513     0.0619151709    -0.2702551429
v    -0.8689353069         0.060216        -0.286026
v    -0.8669067883     0.0585168291        -0.286026
v    -0.8486796862    0.05519086605        -0.286026
v    -0.7896509069         0.052689        -0.286026
v    -0.7306221275    0.05519086605        -0.286026
v    -0.7123950255     0.0585168291        -0.286026
v    -0.7103665069         0.060216        -0.286026
v    -0.7123950255     0.0619151709        -0.286026
v    -0.7306221275    0.06524113395        -0.286026
v    -0.7896509069         0.067743        -0.286026
v    -0.8486796862    0.06524113395        -0.286026
v    -0.8669067883     0.0619151709        -0.286026
v    -0.8669067883    0.05936641455        -0.286026
v    -0.8486796862    0.05770343303        -0.286026
v    -0.7896509069        0.0564525        -0.286026
v    -0.7306221275    0.05770343303        -0.286026
v    -0.7123950255    0.05936641455        -0.286026
v    -0.7123950255    0.06106558545        -0.286026
v    -0.7306221275    0.06272856697        -0.286026
v    -0.7896509069        0.0639795        -0.286026
v    -0.8486796862    0.06272856697        -0.286026
v    -0.8669067883    0.06106558545        -0.286026
v    -0.8669067883         0.060216        -0.286026
v    -0.8486796862         0.060216        -0.286026
v    -0.7896509069         0.060216        -0.286026
v    -0.7306221275         0.060216        -0.286026
v    -0.7123950255         0.060216        -0.286026
v       -0.8896914        -0.010036 -1.095703003e-16
v    -0.8862223922        -0.010036 -1.086948363e-16
v    -0.8862223922        -0.010036  0.0008491520437
v    -0.8550599987        -0.010036   0.002512011007
v    -0.8550599987        -0.010036 -1.044651583e-16
v       -0.7542054        -0.010036        0.0037635
v       -0.7542054        -0.010036 -9.297805066e-17
v    -0.6533508013        -0.010036 -7.976290601e-17
v    -0.6533508013        -0.010036   0.002512011007
v    -0.6221884078        -0.010036 -7.635999891e-17
v    -0.6221884078        -0.010036  0.0008491520437
v       -0.6187194        -0.010036 -7.638580104e-17
v    -0.6221884078        -0.010036 -0.0008491520437
v    -0.6533508013        -0.010036  -0.002512011007
v       -0.7542054        -0.010036       -0.0037635
v    -0.8550599987        -0.010036  -0.002512011007
v    -0.8862223922        -0.010036 -0.0008491520437
v    -0.8862223922        -0.010036   0.001698304087
v    -0.8550599987        -0.010036   0.005024022014
v       -0.7542054        -0.010036         0.007527
v    -0.6533508013        -0.010036   0.005024022014
v    -0.6221884078        -0.010036   0.001698304087
v    -0.6221884078        -0.010036  -0.001698304087
v    -0.6533508013        -0.010036  -0.005024022014
v       -0.7542054        -0.010036        -0.007527
v    -0.8550599987        -0.010036  -0.005024022014
v    -0.8862223922        -0.010036  -0.001698304087
v     -0.886247938   0.007168571429   0.001698304087
v    -0.8895884639   0.007168571429 -1.074507419e-16
v    -0.8562397071   0.007168571429   0.005024022014
v    -0.7591204639   0.007168571429         0.007527
v    -0.6620012208   0.007168571429   0.005024022014
v    -0.6319929899   0.007168571429   0.001698304087
v    -0.6286524639   0.007168571429 -7.549529821e-17
v    -0.6319929899   0.007168571429  -0.001698304087
v    -0.6620012208   0.007168571429  -0.005024022014
v    -0.7591204639   0.007168571429        -0.007527
v    -0.8562397071   0.007168571429  -0.005024022014
v     -0.886247938   0.007168571429  -0.001698304087
v    -0.8862734837    0.02437314286   0.001698304087
v    -0.8894855279    0.02437314286 -1.053311836e-16
v    -0.8574194155    0.02437314286   0.005024022014
v    -0.7640355279    0.02437314286         0.007527
v    -0.6706516402    0.02437314286   0.005024022014
v    -0.6417975721    0.02437314286   0.001698304087
v    -0.6385855279    0.02437314286 -7.460479537e-17
v    -0.6417975721    0.02437314286  -0.001698304087
v    -0.6706516402    0.02437314286  -0.005024022014
v    -0.7640355279    0.02437314286        -0.007527
v    -0.8574194155    0.02437314286  -0.005024022014
v    -0.8862734837    0.02437314286  -0.001698304087
v    -0.8862990294    0.04157771429   0.001698304087
v    -0.8893825918    0.04157771429 -1.032116252e-16
v     -0.858599124    0.04157771429   0.005024022014
v    -0.7689505918    0.04157771429         0.007527
v    -0.6793020597    0.04157771429   0.005024022014
v    -0.6516021543    0.04157771429   0.001698304087
v    -0.6485185918    0.04157771429 -7.371429253e-17
v    -0.6516021543    0.04157771429  -0.001698304087
v    -0.6793020597    0.04157771429  -0.005024022014
v    -0.7689505918    0.04157771429        -0.007527
v     -0.858599124    0.04157771429  -0.005024022014
v    -0.8862990294    0.04157771429  -0.001698304087
v    -0.8863245751    0.05878228571   0.001698304087
v    -0.8892796558    0.05878228571 -1.010920668e-16
v    -0.8597788324    0.05878228571   0.005024022014
v    -0.7738656558    0.05878228571         0.007527
v    -0.6879524791    0.05878228571   0.005024022014
v    -0.6614067365    0.05878228571   0.001698304087
v    -0.6584516558    0.05878228571  -7.28237897e-17
v    -0.6614067365    0.05878228571  -0.001698304087
v    -0.6879524791    0.05878228571  -0.005024022014
v    -0.7738656558    0.05878228571        -0.007527
v    -0.8597788324    0.05878228571  -0.005024022014
v    -0.8863245751    0.05878228571  -0.001698304087
v    -0.8863501208    0.07598685714   0.001698304087
v    -0.8891767197    0.07598685714 -9.897250847e-17
v    -0.8609585409    0.07598685714   0.005024022014
v    -0.7787807197    0.07598685714         0.007527
v    -0.6966028986    0.07598685714   0.005024022014
v    -0.6712113186    0.07598685714   0.001698304087
v    -0.6683847197    0.07598685714 -7.193328686e-17
v    -0.6712113186    0.07598685714  -0.001698304087
v    -0.6966028986    0.07598685714  -0.005024022014
v    -0.7787807197    0.07598685714        -0.007527
v    -0.8609585409    0.07598685714  -0.005024022014
v    -0.8863501208    0.07598685714  -0.001698304087
v    -0.8863756665    0.09319142857   0.001698304087
v    -0.8890737837    0.09319142857  -9.68529501e-17
v    -0.8621382493    0.09319142857   0.005024022014
v    -0.7836957837    0.09319142857         0.007527
v    -0.7052533181    0.09319142857   0.005024022014
v    -0.6810159008    0.09319142857   0.001698304087
v    -0.6783177837    0.09319142857 -7.104278402e-17
v    -0.6810159008    0.09319142857  -0.001698304087
v    -0.7052533181    0.09319142857  -0.005024022014
v    -0.7836957837    0.09319142857        -0.007527
v    -0.8621382493    0.09319142857  -0.005024022014
v    -0.8863756665    0.09319142857  -0.001698304087
v    -0.8864012122         0.110396   0.001698304087
v    -0.8889708476         0.110396 -9.473339174e-17
v    -0.8633179577         0.110396   0.005024022014
v    -0.7886108476         0.110396         0.007527
v    -0.7139037375         0.110396   0.005024022014
v     -0.690820483         0.110396   0.001698304087
v    -0.6882508476         0.110396 -7.015228119e-17
v     -0.690820483         0.110396  -0.001698304087
v    -0.7139037375         0.110396  -0.005024022014
v    -0.7886108476         0.110396        -0.007527
v    -0.8633179577         0.110396  -0.005024022014
v    -0.8864012122         0.110396  -0.001698304087
v     -0.886426758     0.1276005714   0.001698304087
v    -0.8888679116     0.1276005714 -9.261383338e-17
v    -0.8644976662     0.1276005714   0.005024022014
v    -0.7935259116     0.1276005714         0.007527
v     -0.722554157     0.1276005714   0.005024022014
v    -0.7006250652     0.1276005714   0.001698304087
v    -0.6981839116     0.1276005714 -6.926177835e-17
v    -0.7006250652     0.1276005714  -0.001698304087
v     -0.722554157     0.1276005714  -0.005024022014
v    -0.7935259116     0.1276005714        -0.007527
v    -0.8644976662     0.1276005714  -0.005024022014
v     -0.886426758     0.1276005714  -0.001698304087
v    -0.8864523037     0.1448051429   0.001698304087
v    -0.8887649755     0.1448051429 -9.049427501e-17
v    -0.8656773746     0.1448051429   0.005024022014
v    -0.7984409755     0.1448051429         0.007527
v    -0.7312045764     0.1448051429   0.005024022014
v    -0.7104296473     0.1448051429   0.001698304087
v    -0.7081169755     0.1448051429 -6.837127551e-17
v    -0.7104296473     0.1448051429  -0.001698304087
v    -0.7312045764     0.1448051429  -0.005024022014
v    -0.7984409755     0.1448051429        -0.007527
v    -0.8656773746     0.1448051429  -0.005024022014
v    -0.8864523037     0.1448051429  -0.001698304087
v    -0.8864778494     0.1620097143   0.001698304087
v    -0.8886620395     0.1620097143 -8.837471665e-17
v    -0.8668570831     0.1620097143   0.005024022014
v    -0.8033560395     0.1620097143         0.007527
v    -0.7398549959     0.1620097143   0.005024022014
v    -0.7202342295     0.1620097143   0.001698304087
v    -0.7180500395     0.1620097143 -6.748077268e-17
v    -0.7202342295     0.1620097143  -0.001698304087
v    -0.7398549959     0.1620097143  -0.005024022014
v    -0.8033560395     0.1620097143        -0.007527
v    -0.8668570831     0.1620097143  -0.005024022014
v    -0.8864778494     0.1620097143  -0.001698304087
v    -0.8865033951     0.1792142857   0.001698304087
v    -0.8885591034     0.1792142857 -8.625515828e-17
v    -0.8680367915     0.1792142857   0.005024022014
v    -0.8082711034     0.1792142857         0.007527
v    -0.7485054153     0.1792142857   0.005024022014
v    -0.7300388117     0.1792142857   0.001698304087
v    -0.7279831034     0.1792142857 -6.659026984e-17
v    -0.7300388117     0.1792142857  -0.001698304087
v    -0.7485054153     0.1792142857  -0.005024022014
v    -0.8082711034     0.1792142857        -0.007527
v    -0.8680367915     0.1792142857  -0.005024022014
v    -0.8865033951     0.1792142857  -0.001698304087
v    -0.8865289408     0.1964188571   0.001698304087
v    -0.8884561673     0.1964188571 -8.413559992e-17
v    -0.8692164999     0.1964188571   0.005024022014
v    -0.8131861673     0.1964188571         0.007527
v    -0.7571558348     0.1964188571   0.005024022014
v    -0.7398433939     0.1964188571   0.001698304087
v    -0.7379161673     0.1964188571 -6.569976701e-17
v    -0.7398433939     0.1964188571  -0.001698304087
v    -0.7571558348     0.1964188571  -0.005024022014
v    -0.8131861673     0.1964188571        -0.007527
v    -0.8692164999     0.1964188571  -0.005024022014
v    -0.8865289408     0.1964188571  -0.001698304087
v    -0.8865544865     0.2136234286   0.001698304087
v    -0.8883532313     0.2136234286 -8.201604156e-17
v    -0.8703962084     0.2136234286   0.005024022014
v    -0.8181012313     0.2136234286         0.007527
v    -0.7658062542     0.2136234286   0.005024022014
v    -0.7496479761     0.2136234286   0.001698304087
v    -0.7478492313     0.2136234286 -6.480926417e-17
v    -0.7496479761     0.2136234286  -0.001698304087
v    -0.7658062542     0.2136234286  -0.005024022014
v    -0.8181012313     0.2136234286        -0.007527
v    -0.8703962084     0.2136234286  -0.005024022014
v    -0.8865544865     0.2136234286  -0.001698304087
v    -0.8865800322         0.230828   0.001698304087
v    -0.8882502952         0.230828 -7.989648319e-17
v    -0.8715759168         0.230828   0.005024022014
v    -0.8230162952         0.230828         0.007527
v    -0.7744566737         0.230828   0.005024022014
v    -0.7594525582         0.230828   0.001698304087
v    -0.7577822952         0.230828 -6.391876133e-17
v    -0.7594525582         0.230828  -0.001698304087
v    -0.7744566737         0.230828  -0.005024022014
v    -0.8230162952         0.230828        -0.007527
v    -0.8715759168         0.230828  -0.005024022014
v    -0.8865800322         0.230828  -0.001698304087
v    -0.8865800322         0.230828  0.0008491520437
v    -0.8715759168         0.230828   0.002512011007
v    -0.8230162952         0.230828        0.0037635
v    -0.7744566737         0.230828   0.002512011007
v    -0.7594525582         0.230828  0.0008491520437
v    -0.7594525582         0.230828 -0.0008491520437
v    -0.7744566737         0.230828  -0.002512011007
v    -0.8230162952         0.230828       -0.0037635
v    -0.8715759168         0.230828  -0.002512011007
v    -0.8865800322         0.230828 -0.0008491520437
v    -0.8865800322         0.230828 -7.924130191e-17
v    -0.8715759168         0.230828 -7.699044226e-17
v    -0.8230162952         0.230828 -7.190762226e-17
v    -0.7744566737         0.230828 -6.509676523e-17
v    -0.7594525582         0.230828  -6.36726765e-17
v        0.3397186         0.035126  4.375437678e-17
v     0.3398294467         0.035126       0.00521872
v     0.3398213577    0.03386388969   0.005059836295
v     0.3397867038    0.03288051116   0.004802761449
v     0.3397203791    0.03224396573   0.004186714266
v     0.3396349902    0.03190878527   0.003013657611
v     0.3395588579    0.03209392087   0.001503898918
v     0.3395262618    0.03217353948  4.349115632e-17
v     0.3395588579    0.03209392087  -0.001503898917
v     0.3396349893    0.03190878567    -0.0030136613
v     0.3397203791    0.03224396573  -0.004186714266
v     0.3397865044    0.03288095749  -0.004803141972
v     0.3398213577    0.03386388969  -0.005059836295
v     0.3398294467         0.035126      -0.00521872
v     0.3398270888    0.03645368003  -0.005304549274
v     0.3398255905    0.03761639572  -0.005226880152
v     0.3398266983    0.03849648022  -0.004675160218
v     0.3398284813    0.03907118126  -0.003433950817
v     0.3398293505    0.03905727456  -0.001744730569
v     0.3398294467       0.03904004  4.400761741e-17
v     0.3398293505    0.03905727456   0.001744730569
v     0.3398284812    0.03907117987    0.00343395186
v     0.3398266983    0.03849648022   0.004675160218
v     0.3398256134    0.03761610901   0.005226871911
v     0.3398270888    0.03645368004   0.005304549274
v       0.33944898         0.035126       0.01766336
v     0.3394247131    0.03083786907    0.01718670888
v     0.3393207513    0.02745354383    0.01638075314
v     0.3391217772    0.02520965531    0.01433218469
v     0.3388656106    0.02397592574    0.01035078408
v     0.3386372138     0.0245243626   0.005180763419
v     0.3385394254    0.02476321843   4.27987929e-17
v     0.3386372138     0.0245243626  -0.005180763419
v     0.3388656078    0.02397592694   -0.01035079515
v     0.3391217772    0.02520965531   -0.01433218469
v     0.3393201532     0.0274548828   -0.01638189471
v     0.3394247131    0.03083786907   -0.01718670888
v       0.33944898         0.035126      -0.01766336
v     0.3394419063     0.0396108401   -0.01792084782
v     0.3394374115    0.04353317682   -0.01765310925
v     0.3394407348    0.04650768255   -0.01579752255
v      0.339446084    0.04845997385    -0.0116116637
v     0.3394486915    0.04842522368  -0.005903258374
v       0.33944898       0.04837352   4.45325345e-17
v     0.3394486915    0.04842522368   0.005903258374
v     0.3394460837    0.04845996968    0.01161166682
v     0.3394407348    0.04650768255    0.01579752255
v     0.3394374802    0.04353231669    0.01765308453
v     0.3394419063    0.03961084011    0.01792084782
v       0.33750769         0.035126       0.03251664
v     0.3374712897     0.0271884036    0.03180166333
v     0.3373153469    0.02080934677    0.03048853609
v     0.3370168858    0.01644075729    0.02681440271
v     0.3366326359    0.01390559839    0.01945560985
v     0.3362900407     0.0147073439   0.009778345129
v     0.3361433582    0.01506562765  4.182323347e-17
v     0.3362900407     0.0147073439  -0.009778345129
v     0.3366326317    0.01390560018   -0.01945562646
v     0.3370168858    0.01644075729   -0.02681440271
v     0.3373144498    0.02081135522   -0.03049024844
v     0.3374712897     0.0271884036   -0.03180166333
v       0.33750769         0.035126      -0.03251664
v     0.3374970795    0.04335866016   -0.03290287173
v     0.3374903372    0.05054473421   -0.03239707025
v     0.3374953222     0.0560092495    -0.0290124095
v     0.3375033461      0.059622251   -0.02134692928
v     0.3375072572    0.05959103552   -0.01086208756
v       0.33750769       0.05951348  4.497692086e-17
v     0.3375072572    0.05959103552    0.01086208756
v     0.3375033456    0.05962224475    0.02134693397
v     0.3374953222     0.0560092495     0.0290124095
v     0.3374904403    0.05054344402    0.03239703317
v     0.3374970795    0.04335866016    0.03290287173
v     0.3329360666         0.035126       0.04496128
v     0.3329037108    0.02405595876    0.04432574518
v      0.332765095    0.01491216874    0.04288067131
v     0.3324997963   0.008354960228    0.03801135977
v     0.3321582408   0.004275980182    0.02777236539
v     0.3318537118    0.00493288347    0.01404439567
v     0.3317233273   0.005251357908  4.071042498e-17
v     0.3318537118    0.00493288347   -0.01404439567
v     0.3321582371   0.004275981775   -0.02777238015
v     0.3324997963   0.008354960228   -0.03801135977
v     0.3327642976    0.01491395403    -0.0428821934
v     0.3329037108    0.02405595876   -0.04432574518
v     0.3329360666         0.035126      -0.04496128
v     0.3329266351    0.04645832014   -0.04530459709
v     0.3329206419     0.0563194588   -0.04457714612
v     0.3329250731    0.06385082358   -0.03996514358
v     0.3329322054    0.06888788594   -0.02945353822
v      0.332935682    0.06891589824   -0.01500772228
v     0.3329360666       0.06884696  4.498856929e-17
v      0.332935682    0.06891589824    0.01500772228
v      0.332932205    0.06888788038    0.02945354239
v     0.3329250731    0.06385082358    0.03996514358
v     0.3329207336    0.05631831197    0.04457711316
v     0.3329266351    0.04645832014    0.04530459709
v        0.3246646         0.035126          0.05018
v        0.3246646         0.022581          0.05018
v        0.3246646     0.0117262585    0.04931171982
v        0.3246646   0.003369952688    0.04430104731
v        0.3246646  -0.002334751901    0.03274528114
v        0.3246646        -0.002509    0.01672666667
v        0.3246646        -0.002509  3.960631438e-17
v        0.3246646        -0.002509   -0.01672666667
v        0.3246646  -0.002334751901   -0.03274528114
v        0.3246646   0.003369952688   -0.04430104731
v        0.3246646     0.0117262585   -0.04931171982
v        0.3246646         0.022581         -0.05018
v        0.3246646         0.035126         -0.05018
v        0.3246646         0.047671         -0.05018
v        0.3246646     0.0585257415   -0.04931171982
v        0.3246646    0.06688204731   -0.04430104731
v        0.3246646     0.0725867519   -0.03274528114
v        0.3246646         0.072761   -0.01672666667
v        0.3246646         0.072761  4.421527261e-17
v        0.3246646         0.072761    0.01672666667
v        0.3246646     0.0725867519    0.03274528114
v        0.3246646    0.06688204731    0.04430104731
v        0.3246646     0.0585257415    0.04931171982
v        0.3246646         0.047671          0.05018
v     0.2962019204       0.03251664          0.05018
v     0.2957242255    0.01864870578    0.05089732687
v     0.2952397456   0.005704271013    0.05109092128
v      0.294947619  -0.005418789315    0.04708826132
v     0.2949300496   -0.01279864036    0.03538481169
v     0.2950855935   -0.01469889287    0.01837440204
v     0.2951885563   -0.01543390023  3.562905251e-17
v     0.2950855935   -0.01469889287   -0.01837440204
v     0.2949300633   -0.01279866558   -0.03538478457
v      0.294947619  -0.005418789315   -0.04708826132
v     0.2952412644   0.005699453426    -0.0510914296
v     0.2957242255    0.01864870578   -0.05089732687
v     0.2962019204       0.03251664         -0.05018
v     0.2964881543     0.0461067424   -0.04986054077
v     0.2965711206    0.05814650254     -0.049043143
v     0.2965117421    0.06771951105   -0.04435570305
v      0.296383182    0.07319938829   -0.03271020752
v     0.2962577972     0.0734759004   -0.01670610032
v     0.2962019204      0.073543808  4.077753282e-17
v     0.2962577972     0.0734759004    0.01670610032
v     0.2963831823    0.07319939378    0.03271020531
v     0.2965117421    0.06771951105    0.04435570305
v     0.2965710511    0.05814728999    0.04904300111
v     0.2964881543     0.0461067424    0.04986054077
v     0.2418140311       0.02629432          0.05018
v     0.2419307163   0.009706020669    0.05098699272
v     0.2422374078  -0.006451834835     0.0515173673
v     0.2428169649   -0.02076930401    0.04812744001
v     0.2436206965   -0.02770871972    0.03588114528
v      0.244393307   -0.02978377448    0.01858036896
v     0.2447397193   -0.03061065776  2.857453525e-17
v      0.244393307   -0.02978377448   -0.01858036896
v      0.243620712   -0.02770874809   -0.03588111477
v     0.2428169649   -0.02076930401   -0.04812744001
v     0.2422391163  -0.006457254621   -0.05151793917
v     0.2419307163   0.009706020671   -0.05098699272
v     0.2418140311       0.02629432         -0.05018
v     0.2417831169    0.04257005853   -0.04982060837
v     0.2417776344    0.05771015508   -0.04921361675
v      0.241781419    0.07028381596   -0.04505331196
v      0.241792077    0.07508576114   -0.03287221558
v      0.241806307    0.07533410795   -0.01670352953
v     0.2418140311      0.075410504  3.423123953e-17
v      0.241806307    0.07533410795    0.01670352953
v     0.2417920773    0.07508576732     0.0328722131
v      0.241781419    0.07028381596    0.04505331196
v     0.2417775562    0.05771104097    0.04921345712
v     0.2417831169    0.04257005853    0.04982060837
v     0.1765674816       0.01886768          0.05018
v     0.1775173944  -0.000866750665    0.05071799515
v     0.1788574971   -0.02044943946    0.05114104062
v     0.1804548014   -0.03779009533    0.04806695933
v     0.1820886186   -0.04317497966     0.0351285188
v     0.1834005237   -0.04454440965    0.01796246819
v     0.1839389042   -0.04509566518  2.008265663e-17
v     0.1834005237   -0.04454440965    -0.0179624682
v     0.1820886289   -0.04317499858   -0.03512849847
v     0.1804548014   -0.03779009533   -0.04806695933
v     0.1788586361   -0.02045305265   -0.05114142186
v     0.1775173944 -0.0008667506641   -0.05071799515
v     0.1765674816       0.01886768         -0.05018
v     0.1760763023     0.0383937368   -0.04994040558
v     0.1759408878    0.05729791962   -0.04960520691
v     0.1760375248    0.07347603663   -0.04601754063
v     0.1762516809    0.07743594061   -0.03312256567
v     0.1764682183     0.0775875653   -0.01671124191
v     0.1765674816      0.077638496   2.63772669e-17
v     0.1764682183     0.0775875653    0.01671124191
v     0.1762516811    0.07743594473    0.03312256402
v     0.1760375248    0.07347603663    0.04601754063
v     0.1759408357    0.05729851021    0.04960510049
v     0.1760763023     0.0383937368    0.04994040558
v     0.1155288214       0.01264536          0.05018
v     0.1167175816  -0.009689303555    0.05035933172
v     0.1182999243   -0.03199592327    0.05051192394
v     0.1200432919   -0.05158966723    0.04755519523
v     0.1216858938   -0.05530740986    0.03402116919
v      0.122920027   -0.05576156322    0.01713860051
v      0.123406926   -0.05594531506  1.179331072e-17
v      0.122920027   -0.05576156322   -0.01713860051
v     0.1216858972   -0.05530741617   -0.03402116241
v     0.1200432919   -0.05158966723   -0.04755519523
v     0.1183003039   -0.03199712766   -0.05051205102
v     0.1167175816  -0.009689303555   -0.05035933172
v     0.1155288214       0.01264536         -0.05018
v     0.1148945252     0.0349105656   -0.05010013519
v     0.1147176275    0.05699101665   -0.04999997937
v     0.1148439538    0.07619724767   -0.04687205567
v     0.1151223898    0.07943999684   -0.03335251814
v     0.1154016197     0.0794882151   -0.01672152508
v     0.1155288214      0.079505192  1.901648908e-17
v     0.1154016197     0.0794882151    0.01672152508
v     0.1151223899    0.07943999822    0.03335251759
v     0.1148439538    0.07619724767    0.04687205567
v     0.1147176101    0.05699121352     0.0499999439
v     0.1148945252     0.0349105656    0.05010013519
v        0.0737646         0.010036          0.05018
v        0.0737646   -0.01338133333          0.05018
v        0.0737646   -0.03679866667          0.05018
v        0.0737646   -0.05727652366    0.04724052366
v        0.0737646        -0.060216    0.03345333333
v        0.0737646        -0.060216    0.01672666667
v        0.0737646        -0.060216  5.346391545e-18
v        0.0737646        -0.060216   -0.01672666667
v        0.0737646        -0.060216   -0.03345333333
v        0.0737646   -0.05727652366   -0.04724052366
v        0.0737646   -0.03679866667         -0.05018
v        0.0737646   -0.01338133333         -0.05018
v        0.0737646         0.010036         -0.05018
v        0.0737646    0.03345333333         -0.05018
v        0.0737646    0.05687066667         -0.05018
v        0.0737646    0.07734852366   -0.04724052366
v        0.0737646         0.080288   -0.03345333333
v        0.0737646         0.080288   -0.01672666667
v        0.0737646         0.080288  1.394978024e-17
v        0.0737646         0.080288    0.01672666667
v        0.0737646         0.080288    0.03345333333
v        0.0737646    0.07734852366    0.04724052366
v        0.0737646    0.05687066667          0.05018
v        0.0737646    0.03345333333          0.05018
v    0.04569374944     0.0098272512          0.05018
v    0.04544302248   -0.01352813519    0.05027775603
v    0.04481858022   -0.03688672966    0.05027236141
v    0.04400927012   -0.05726717621    0.04728336341
v    0.04319963995   -0.06017996784    0.03346270951
v    0.04257636777   -0.06016545791    0.01672653777
v    0.04232697193    -0.0601638128  1.499588031e-18
v    0.04257636777   -0.06016545791   -0.01672653777
v    0.04319963995   -0.06017996784   -0.03346270951
v    0.04400927012   -0.05726717621   -0.04728336341
v    0.04481858022   -0.03688672966   -0.05027236141
v    0.04544302248   -0.01352813519   -0.05027775603
v    0.04569374944     0.0098272512         -0.05018
v    0.04543783489    0.03310425881   -0.04999572877
v    0.04479574526    0.05631154493   -0.04987392431
v    0.04396680149    0.07660980659   -0.04697149139
v    0.04315940138    0.07959098491   -0.03332224094
v    0.04256002476    0.07973195811   -0.01669920569
v    0.04232697193     0.0798183152  1.007102128e-17
v    0.04256002476    0.07973195811    0.01669920569
v    0.04315940138    0.07959098491    0.03332224094
v    0.04396680149    0.07660980659    0.04697149139
v    0.04479574526    0.05631154493    0.04987392431
v    0.04543783489    0.03310425881    0.04999572877
v    0.01665839094     0.0093294656          0.05018
v    0.01590621006   -0.01386857357     0.0504732681
v    0.01403288328   -0.03707623698    0.05045708424
v      0.011604953   -0.05722840931    0.04736904291
v    0.00917606248   -0.06008783151    0.03348146185
v   0.007306245933   -0.06004430173    0.01672627997
v   0.006558058425    -0.0600393664 -2.873220368e-18
v   0.007306245933   -0.06004430173   -0.01672627997
v    0.00917606248   -0.06008783151   -0.03348146185
v      0.011604953   -0.05722840931   -0.04736904291
v    0.01403288328   -0.03707623698   -0.05045708424
v    0.01590621006   -0.01386857357    -0.0504732681
v    0.01665839094     0.0093294656         -0.05018
v    0.01589064729    0.03229236842   -0.04962718632
v    0.01396437839     0.0550461068   -0.04926177293
v    0.01147754709    0.07495172446   -0.04643342686
v   0.009055346774    0.07801630672   -0.03306005615
v   0.007257216908    0.07843922632   -0.01664428373
v   0.006558058425     0.0786982976  5.622011439e-18
v   0.007257216908    0.07843922632    0.01664428373
v   0.009055346774    0.07801630672    0.03306005615
v    0.01147754709    0.07495172446    0.04643342686
v    0.01396437839     0.0550461068    0.04926177293
v    0.01589064729    0.03229236842    0.04962718632
v   -0.01189014228     0.0087353344          0.05018
v    -0.0130184136   -0.01425269769    0.05061990216
v   -0.01582840377   -0.03725516613    0.05059562636
v   -0.01947029919   -0.05714413614    0.04743330254
v   -0.02311363497   -0.05996353126    0.03349552611
v   -0.02591835979   -0.05989823659    0.01672608662
v   -0.02704064105    -0.0598908336 -6.978779334e-18
v   -0.02591835979   -0.05989823659   -0.01672608662
v   -0.02311363497   -0.05996353126   -0.03349552611
v   -0.01947029919   -0.05714413614   -0.04743330254
v   -0.01582840377   -0.03725516613   -0.05059562636
v    -0.0130184136   -0.01425269769   -0.05061990216
v   -0.01189014228     0.0087353344         -0.05018
v   -0.01304175775    0.03137066196   -0.04935077949
v    -0.0159311611    0.05369224287    -0.0488026594
v   -0.01966140805    0.07321138087   -0.04602987847
v   -0.02329470853    0.07633851608   -0.03286341756
v   -0.02599190333    0.07697289547   -0.01660309227
v   -0.02704064105     0.0773615024  1.425502364e-18
v   -0.02599190333    0.07697289547    0.01660309227
v   -0.02329470853    0.07633851608    0.03286341756
v   -0.01966140805    0.07321138087    0.04602987847
v    -0.0159311611    0.05369224287     0.0488026594
v   -0.01304175775    0.03137066196    0.04935077949
v     -0.038500517     0.0082375488          0.05018
v   -0.03950342484   -0.01453055676    0.05057102414
v   -0.04200119388   -0.03731149464    0.05054944565
v   -0.04523843425   -0.05699826986    0.04741188266
v   -0.04847695494   -0.05983100734    0.03349083803
v   -0.05097004367   -0.05977296764    0.01672615107
v   -0.05196762702    -0.0597663872 -1.002383455e-17
v   -0.05097004367   -0.05977296764   -0.01672615107
v   -0.04847695494   -0.05983100734   -0.03349083803
v   -0.04523843425   -0.05699826986   -0.04741188266
v   -0.04200119388   -0.03731149464   -0.05054944565
v   -0.03950342484   -0.01453055676   -0.05057102414
v     -0.038500517     0.0082375488         -0.05018
v   -0.03952417519    0.03069213922    -0.0494429151
v   -0.04209253373    0.05286784374   -0.04895569724
v   -0.04540830879     0.0722258794    -0.0461643946
v   -0.04863790922    0.07533216362   -0.03292896375
v   -0.05103541571    0.07589605642   -0.01661682276
v   -0.05196762702     0.0762414848 -1.695754292e-18
v   -0.05103541571    0.07589605642    0.01661682276
v   -0.04863790922    0.07533216363    0.03292896375
v   -0.04540830879     0.0722258794     0.0461643946
v   -0.04209253373    0.05286784374    0.04895569724
v   -0.03952417519    0.03069213922     0.0494429151
v       -0.0617214        0.0080288          0.05018
v       -0.0617214       -0.0145522          0.05018
v       -0.0617214       -0.0371332          0.05018
v       -0.0617214   -0.05677472366    0.04724052366
v       -0.0617214       -0.0597142    0.03345333333
v       -0.0617214       -0.0597142    0.01672666667
v       -0.0617214       -0.0597142 -1.121513169e-17
v       -0.0617214       -0.0597142   -0.01672666667
v       -0.0617214       -0.0597142   -0.03345333333
v       -0.0617214   -0.05677472366   -0.04724052366
v       -0.0617214       -0.0371332         -0.05018
v       -0.0617214       -0.0145522         -0.05018
v       -0.0617214        0.0080288         -0.05018
v       -0.0617214        0.0306098         -0.05018
v       -0.0617214        0.0531908         -0.05018
v       -0.0617214    0.07283232366   -0.04724052366
v       -0.0617214        0.0757718   -0.03345333333
v       -0.0617214        0.0757718   -0.01672666667
v       -0.0617214        0.0757718 -2.919006878e-18
v       -0.0617214        0.0757718    0.01672666667
v       -0.0617214        0.0757718    0.03345333333
v       -0.0617214    0.07283232366    0.04724052366
v       -0.0617214        0.0531908          0.05018
v       -0.0617214        0.0306098          0.05018
v   -0.08240464978     0.0103250368          0.05018
v   -0.08239815853   -0.01292670542    0.04974860999
v   -0.08239232103   -0.03611518604    0.04968240569
v   -0.08239592528   -0.05648419284    0.04689780564
v   -0.08240157994   -0.05951770894    0.03330988232
v   -0.08240434927   -0.05967922937    0.01669991113
v   -0.08240464978    -0.0597663872  -1.37512948e-17
v   -0.08240434927   -0.05967922937   -0.01669991113
v   -0.08240157994   -0.05951770894   -0.03330988232
v   -0.08239592528   -0.05648419284   -0.04689780564
v   -0.08239232103   -0.03611518604   -0.04968240569
v   -0.08239815853   -0.01292670542   -0.04974860999
v   -0.08240464978     0.0103250368         -0.05018
v   -0.08237810833    0.03391049972   -0.05098382341
v   -0.08226871179    0.05753401124   -0.05157644958
v    -0.0820561762    0.07840642041   -0.04816995961
v   -0.08177997658    0.08322977383   -0.03460746303
v   -0.08153141143     0.0848442363   -0.01757027772
v   -0.08142402673    0.08546132901 -5.665297476e-18
v   -0.08153141143     0.0848442363    0.01757027772
v   -0.08177997658    0.08322977383    0.03460746303
v    -0.0820561762    0.07840642041    0.04816995961
v   -0.08226871179    0.05753401124    0.05157644958
v   -0.08237810833    0.03391049972    0.05098382341
v     -0.102534718     0.0158006784          0.05018
v    -0.1025274154  -0.009303751603    0.04969468624
v    -0.1025208482    -0.0343370123    0.04962020641
v     -0.102524903   -0.05656579949    0.04685496589
v    -0.1025312645   -0.05961107055    0.03329195094
v      -0.10253438   -0.05979278104    0.01669656669
v     -0.102534718    -0.0598908336 -1.622413731e-17
v      -0.10253438   -0.05979278104   -0.01669656669
v    -0.1025312645   -0.05961107055   -0.03329195094
v     -0.102524903   -0.05656579949   -0.04685496589
v    -0.1025208482    -0.0343370123   -0.04962020641
v    -0.1025274154  -0.009303751603   -0.04969468624
v     -0.102534718     0.0158006784         -0.05018
v    -0.1025048589    0.04128054418   -0.05108430133
v    -0.1023817878    0.06573511634   -0.05117171973
v    -0.1021426853    0.08683522174   -0.04552303134
v    -0.1018319607    0.09308095879   -0.03277911298
v    -0.1015523249    0.09606909842   -0.01680473662
v    -0.1014315171    0.09716766713 -7.514542813e-18
v    -0.1015523249    0.09606909842    0.01680473662
v    -0.1018319607    0.09308095879    0.03277911298
v    -0.1021426853    0.08683522174    0.04552303134
v    -0.1023817878    0.06573511634    0.05117171973
v    -0.1025048589    0.04128054418    0.05108430133
v    -0.1223591614     0.0223361216          0.05018
v     -0.122354293  -0.005038325068    0.04985645749
v    -0.1223499149   -0.03236532553    0.04980680427
v     -0.122352618   -0.05684285154    0.04698348514
v     -0.122356859    -0.0598528577    0.03334574507
v     -0.122358936   -0.05997399803    0.01670660002
v    -0.1223591614    -0.0600393664 -1.866102643e-17
v     -0.122358936   -0.05997399803   -0.01670660002
v     -0.122356859    -0.0598528577   -0.03334574507
v     -0.122352618   -0.05684285154   -0.04698348514
v    -0.1223499149   -0.03236532553   -0.04980680427
v     -0.122354293  -0.005038325069   -0.04985645749
v    -0.1223591614     0.0223361216         -0.05018
v    -0.1223392553    0.04996085879   -0.05078286756
v    -0.1222572079     0.0750234259    -0.0498222604
v    -0.1220978062    0.09576720416   -0.04123559456
v    -0.1218906565     0.1029984497   -0.02953428691
v    -0.1217042327     0.1070517031    -0.0152467549
v    -0.1216236941     0.1084952608 -8.946233524e-18
v    -0.1217042327     0.1070517031     0.0152467549
v    -0.1218906565     0.1029984497    0.02953428691
v    -0.1220978062    0.09576720416    0.04123559456
v    -0.1222572079     0.0750234259     0.0498222604
v    -0.1223392553    0.04996085879    0.05078286756
v    -0.1421255365     0.0278117632          0.05018
v    -0.1421239137  -0.001485412356     0.0500721525
v    -0.1421224543   -0.03076677251    0.05005560142
v    -0.1421233554   -0.05713865695    0.04715484415
v    -0.1421247691   -0.06010164323    0.03341747058
v    -0.1421254614   -0.06014202334    0.01671997778
v    -0.1421255365    -0.0601638128 -2.108932938e-17
v    -0.1421254614   -0.06014202334   -0.01671997778
v    -0.1421247691   -0.06010164323   -0.03341747058
v    -0.1421233554   -0.05713865695   -0.04715484415
v    -0.1421224543   -0.03076677251   -0.05005560142
v    -0.1421239137  -0.001485412356    -0.0500721525
v    -0.1421255365     0.0278117632         -0.05018
v    -0.1421189012    0.05719236893   -0.05038095585
v     -0.142091552    0.08262825053   -0.04838452151
v    -0.1420384181     0.1028508442   -0.03724350497
v    -0.1419693682     0.1106553414   -0.02643898854
v    -0.1419072269     0.1153973669   -0.01371304407
v    -0.1418803808     0.1170485563 -1.043986024e-17
v    -0.1419072269     0.1153973669    0.01371304407
v    -0.1419693682     0.1106553414    0.02643898854
v    -0.1420384181     0.1028508442    0.03724350497
v     -0.142091552    0.08262825053    0.04838452151
v    -0.1421189012    0.05719236893    0.05038095585
v       -0.1620814         0.030108          0.05018
v       -0.1620814 -4.482101643e-18          0.05018
v       -0.1620814        -0.030108          0.05018
v       -0.1620814   -0.05727652366    0.04724052366
v       -0.1620814        -0.060216    0.03345333333
v       -0.1620814        -0.060216    0.01672666667
v       -0.1620814        -0.060216 -2.353641335e-17
v       -0.1620814        -0.060216   -0.01672666667
v       -0.1620814        -0.060216   -0.03345333333
v       -0.1620814   -0.05727652366   -0.04724052366
v       -0.1620814        -0.030108         -0.05018
v       -0.1620814 -2.294821332e-17         -0.05018
v       -0.1620814         0.030108         -0.05018
v       -0.1620814         0.060216         -0.05018
v       -0.1620814    0.08577890083     -0.047714953
v       -0.1620814     0.1057346183   -0.03548261828
v       -0.1620814     0.1137247286   -0.02505922159
v       -0.1620814     0.1187114067   -0.01302031568
v       -0.1620814         0.120432 -1.247491361e-17
v       -0.1620814     0.1187114067    0.01302031568
v       -0.1620814     0.1137247286    0.02505922159
v       -0.1620814     0.1057346183    0.03548261828
v       -0.1620814    0.08577890083      0.047714953
v       -0.1620814         0.060216          0.05018
v    -0.1821827407      0.029586128          0.05018
v    -0.1821829134 -0.0003217586277    0.05021218808
v    -0.1821848553   -0.03027070425    0.05028094345
v    -0.1821905877   -0.05763674632    0.04770512072
v    -0.1822000243   -0.06039998293    0.03361931757
v    -0.1822095792   -0.06051239128    0.01683342475
v    -0.1822140902   -0.06055994394 -2.605342469e-17
v    -0.1822095792   -0.06051239128   -0.01683342475
v    -0.1822000243   -0.06039998293   -0.03361931757
v    -0.1821905877   -0.05763674632   -0.04770512072
v    -0.1821848553   -0.03027070425   -0.05028094345
v    -0.1821829134 -0.0003217586277   -0.05021218808
v    -0.1821827407      0.029586128         -0.05018
v    -0.1821829132    0.05949400008   -0.05021217991
v    -0.1821848534    0.08484334253   -0.04776302689
v    -0.1821905877     0.1047453914    -0.0356415098
v     -0.182200194      0.112864111   -0.02521785187
v    -0.1822097933     0.1179631055   -0.01311824708
v    -0.1822140902     0.1197321999 -1.506566221e-17
v    -0.1822095848     0.1179642787    0.01312603626
v     -0.182199961     0.1128646524    0.02522563638
v    -0.1821905877     0.1047453914     0.0356415098
v    -0.1821848852    0.08484370152    0.04776288885
v    -0.1821829132    0.05949400008    0.05021217991
v    -0.2022400704      0.028341664          0.05018
v    -0.2022405885  -0.001085707883    0.05027656425
v     -0.202246414   -0.03063625674    0.05048283036
v    -0.2022636111    -0.0584346267     0.0487518939
v     -0.202291921    -0.0607278048    0.03395128604
v    -0.2023205857   -0.06106502985    0.01704694093
v    -0.2023341188   -0.06120768783 -2.861789519e-17
v    -0.2023205857   -0.06106502985   -0.01704694093
v     -0.202291921    -0.0607278048   -0.03395128604
v    -0.2022636111    -0.0584346267    -0.0487518939
v     -0.202246414   -0.03063625674   -0.05048283036
v    -0.2022405885  -0.001085707883   -0.05027656425
v    -0.2022400704      0.028341664         -0.05018
v    -0.2022405879    0.05776899224   -0.05027653972
v    -0.2022464085    0.08258996186   -0.04783883437
v    -0.2022636111     0.1023253536   -0.03595929285
v    -0.2022924303     0.1107012919   -0.02553511243
v    -0.2023212281      0.116024919   -0.01331410989
v    -0.2023341188     0.1178910158 -1.780710456e-17
v    -0.2023206026     0.1160284387    0.01333747741
v    -0.2022917312      0.110702916    0.02555846595
v    -0.2022636111     0.1023253536    0.03595929285
v    -0.2022465038    0.08259103882    0.04783842028
v    -0.2022405879    0.05776899224    0.05027653972
v    -0.2222827296      0.026856336          0.05018
v    -0.2222835068  -0.001989857825    0.05032484638
v    -0.2222922451   -0.03102081711    0.05063424554
v    -0.2223180408   -0.05924598338    0.04986031618
v    -0.2223605056    -0.0608632752     0.0342002624
v    -0.2224035026   -0.06136911277    0.01720707806
v    -0.2224238023   -0.06158309975 -3.114677027e-17
v    -0.2224035026   -0.06136911277   -0.01720707806
v    -0.2223605056    -0.0608632752    -0.0342002624
v    -0.2223180408   -0.05924598338   -0.04986031618
v    -0.2222922451   -0.03102081711   -0.05063424554
v    -0.2222835068  -0.001989857825   -0.05032484638
v    -0.2222827296      0.026856336         -0.05018
v    -0.2222835059    0.05570246435   -0.05032480958
v    -0.2222922369     0.0798487001   -0.04783975422
v    -0.2223180408    0.09929596933   -0.03619763013
v    -0.2223612696     0.1078648215   -0.02577305785
v    -0.2224044662     0.1133569232   -0.01346100699
v    -0.2224238023     0.1152957717  -2.05498262e-17
v     -0.222403528     0.1133622027    0.01349605828
v    -0.2223602209     0.1078672576    0.02580808813
v    -0.2223180408    0.09929596933    0.03619763013
v    -0.2222923798    0.07985031554    0.04783913308
v    -0.2222835059    0.05570246435    0.05032480958
v    -0.2423400593      0.025611872          0.05018
v    -0.2423407501  -0.002732218511    0.05030875233
v    -0.2423485175   -0.03124054498    0.05058377382
v     -0.242371447   -0.05964663495    0.05050986055
v    -0.2424091934   -0.06047020373    0.03411727028
v     -0.242447413   -0.06091983713    0.01715369902
v    -0.2424654572   -0.06111004778 -3.355699535e-17
v     -0.242447413   -0.06091983713   -0.01715369902
v    -0.2424091934   -0.06047020373   -0.03411727028
v     -0.242371447   -0.05964663495   -0.05050986055
v    -0.2423485175   -0.03124054498   -0.05058377382
v    -0.2423407501  -0.002732218511   -0.05030875233
v    -0.2423400593      0.025611872         -0.05018
v    -0.2423407493    0.05395590431   -0.05030871963
v    -0.2423485101    0.07744949857   -0.04766316519
v     -0.242371447    0.09647870277   -0.03611818437
v    -0.2424098725     0.1049832503   -0.02569374271
v    -0.2424482695     0.1104191938   -0.01341204129
v    -0.2424654572     0.1123337918 -2.314441265e-17
v    -0.2424474356     0.1104238867    0.01344319799
v    -0.2424089404     0.1049854157    0.02572488074
v     -0.242371447    0.09647870277    0.03611818437
v    -0.2423486372    0.07745093452    0.04766261307
v    -0.2423407493    0.05395590431    0.05030871963
v       -0.2624414          0.02509          0.05018
v       -0.2624414       -0.0030108          0.05018
v       -0.2624414       -0.0311116          0.05018
v       -0.2624414       -0.0592124          0.05018
v       -0.2624414       -0.0592124    0.03345333333
v       -0.2624414       -0.0592124    0.01672666667
v       -0.2624414       -0.0592124 -3.576551585e-17
v       -0.2624414       -0.0592124   -0.01672666667
v       -0.2624414       -0.0592124   -0.03345333333
v       -0.2624414       -0.0592124         -0.05018
v       -0.2624414       -0.0311116         -0.05018
v       -0.2624414       -0.0030108         -0.05018
v       -0.2624414          0.02509         -0.05018
v       -0.2624414        0.0531908         -0.05018
v       -0.2624414    0.07622229857   -0.04720644605
v       -0.2624414    0.09469501828   -0.03548261828
v       -0.2624414     0.1026851286   -0.02505922159
v       -0.2624414     0.1076718067   -0.01302031568
v       -0.2624414        0.1093924 -2.544144942e-17
v       -0.2624414     0.1076718067    0.01302031568
v       -0.2624414     0.1026851286    0.02505922159
v       -0.2624414    0.09469501828    0.03548261828
v       -0.2624414    0.07622229857    0.04720644605
v       -0.2624414        0.0531908          0.05018
v    -0.2886479643     0.0247768768    0.04961447154
v     -0.288649584  -0.002840545859    0.04953833402
v    -0.2886516563   -0.03037213735    0.04936220875
v    -0.2886500918   -0.05748723654    0.04887233414
v    -0.2886435982   -0.05762686678    0.03268700045
v    -0.2886355867   -0.05746459063    0.01630304467
v    -0.2886314511   -0.05739176914  -3.88754465e-17
v     -0.288635588   -0.05746462064   -0.01630308383
v    -0.2886435974   -0.05762684974   -0.03268697636
v    -0.2886500918   -0.05748723654   -0.04887233414
v    -0.2886516563   -0.03037213735   -0.04936220875
v     -0.288649584  -0.002840545859   -0.04953833402
v    -0.2886479643     0.0247768768   -0.04961447154
v    -0.2886495906    0.05239392269   -0.04953820061
v    -0.2886516586    0.07496022626   -0.04644863598
v    -0.2886500918     0.0929550195    -0.0347863635
v    -0.2886433866     0.1006141895   -0.02448090024
v    -0.2886352944     0.1053347093   -0.01269025614
v    -0.2886314511     0.1069455227 -2.873261493e-17
v    -0.2886355737     0.1053330953    0.01267580013
v    -0.2886436982     0.1006136609    0.02446648172
v    -0.2886500918     0.0929550195     0.0347863635
v    -0.2886516166     0.0749595439    0.04644886965
v    -0.2886495906    0.05239392269    0.04953820061
v    -0.3241272611     0.0240301984    0.04808197463
v    -0.3241326262  -0.002433465436    0.04800444487
v    -0.3241445326   -0.02883213716    0.04779842246
v    -0.3241566382   -0.05410248743    0.04648315623
v    -0.3241648264   -0.05524696278     0.0316656348
v    -0.3241688231   -0.05528872393     0.0158232119
v    -0.3241696566   -0.05529415253 -4.301326364e-17
v    -0.3241688268   -0.05528881396    -0.0158233294
v     -0.324164824   -0.05524691167   -0.03166556251
v    -0.3241566382   -0.05410248743   -0.04648315623
v    -0.3241445326   -0.02883213716   -0.04779842246
v    -0.3241326262  -0.002433465436   -0.04800444487
v    -0.3241272611     0.0240301984   -0.04808197463
v    -0.3241326455     0.0504926642   -0.04800400677
v    -0.3241445341    0.07217397818   -0.04502796092
v    -0.3241566382    0.08953489386   -0.03385516586
v    -0.3241646947    0.09707242052   -0.02386800687
v    -0.3241685801     0.1017489262   -0.01238556046
v    -0.3241696566     0.1033545493  -3.35594398e-17
v    -0.3241688003     0.1017493718    0.01237895123
v    -0.3241649402     0.0970731737    0.02386145229
v    -0.3241566382    0.08953489386    0.03385516586
v     -0.324144501    0.07217361107    0.04502801961
v    -0.3241326455     0.0504926642    0.04800400677
v    -0.3645680758     0.0231390016    0.04582864194
v    -0.3645763763  -0.001843885417    0.04578778871
v    -0.3645970806   -0.02682553496     0.0456399318
v    -0.3646236387   -0.04988133242    0.04345026362
v    -0.3646497556   -0.05225478539    0.03035836892
v    -0.3646697661   -0.05258172191     0.0152206568
v    -0.3646776366   -0.05270181136 -4.772238151e-17
v    -0.3646697717   -0.05258185696   -0.01522083305
v    -0.3646497519   -0.05225470872   -0.03035826049
v    -0.3646236387   -0.04988133242   -0.04345026362
v    -0.3645970806   -0.02682553496    -0.0456399318
v    -0.3645763763  -0.001843885417   -0.04578778871
v    -0.3645680758     0.0231390016   -0.04582864194
v    -0.3645764051    0.04812005769   -0.04578711262
v    -0.3645970802    0.06867988261   -0.04304028714
v    -0.3646236387    0.08527151524   -0.03256244324
v    -0.3646498094    0.09269306654   -0.02304308974
v    -0.3646697187    0.09735890359   -0.01198548824
v    -0.3646776366    0.09897981456 -3.907588742e-17
v    -0.3646697401    0.09736221577    0.01199395379
v    -0.3646498332    0.09269536583    0.02305160835
v    -0.3646236387    0.08527151524    0.03256244324
v    -0.3645970771    0.06868017194    0.04304005402
v    -0.3645764051    0.04812005769    0.04578711262
v    -0.4056591936     0.0223923232    0.04310060617
v    -0.4056666843  -0.001126132487    0.04309782169
v    -0.4056863524   -0.02468626629    0.04303802743
v    -0.4057136928   -0.04564695125    0.04021145365
v    -0.4057430565   -0.04883243201    0.02873433536
v    -0.4057670727    -0.0492405066     0.0144288678
v    -0.4057770111   -0.04939700679 -5.254621437e-17
v    -0.4057670777   -0.04924062664   -0.01442902447
v    -0.4057430532   -0.04883236386   -0.02873423898
v    -0.4057136928   -0.04564695125   -0.04021145365
v    -0.4056863524   -0.02468626629   -0.04303802743
v    -0.4056666843  -0.001126132487   -0.04309782169
v    -0.4056591936     0.0223923232   -0.04310060617
v    -0.4056667097    0.04590913635   -0.04309721232
v    -0.4056863509    0.06529426783   -0.04058148094
v    -0.4057136928    0.08100175754   -0.03078161354
v    -0.4057432161    0.08810937238   -0.02182869712
v    -0.4057671715     0.0926090879   -0.01136929907
v    -0.4057770111    0.09418165319 -4.443592117e-17
v    -0.4057670532    0.09261320706    0.01138499262
v    -0.4057430841    0.08811193598    0.02184442499
v    -0.4057136928    0.08100175754    0.03078161354
v    -0.4056863687    0.06529489834    0.04058113099
v    -0.4056667097    0.04590913635    0.04309721232
v       -0.4430894        0.0220792         0.040144
v       -0.4430894 -0.0003345333333         0.040144
v       -0.4430894   -0.02274826667         0.040144
v       -0.4430894   -0.04222252366    0.03720452366
v       -0.4430894        -0.045162    0.02676266667
v       -0.4430894        -0.045162    0.01338133333
v       -0.4430894        -0.045162 -5.702817648e-17
v       -0.4430894        -0.045162   -0.01338133333
v       -0.4430894        -0.045162   -0.02676266667
v       -0.4430894   -0.04222252366   -0.03720452366
v       -0.4430894   -0.02274826667        -0.040144
v       -0.4430894 -0.0003345333333        -0.040144
v       -0.4430894        0.0220792        -0.040144
v       -0.4430894    0.04449293333        -0.040144
v       -0.4430894    0.06283346211   -0.03774740858
v       -0.4430894    0.07756249462   -0.02838609462
v       -0.4430894    0.08395458289   -0.02004737727
v       -0.4430894    0.08794392538   -0.01041625255
v       -0.4430894        0.0893204 -4.879350445e-17
v       -0.4430894    0.08794392538    0.01041625255
v       -0.4430894    0.08395458289    0.02004737727
v       -0.4430894    0.07756249462    0.02838609462
v       -0.4430894    0.06283346211    0.03774740858
v       -0.4430894    0.04449293333         0.040144
v     -0.477231134     0.0221835744    0.03698717577
v    -0.4772235758  0.0007561995891    0.03695351481
v    -0.4772031491   -0.02059541594    0.03692258866
v    -0.4771735688   -0.03892509707    0.03406365867
v     -0.477140516   -0.04129253822    0.02442549685
v    -0.4771127622   -0.04087698749    0.01216458652
v    -0.4771010585   -0.04070695634 -6.107836376e-17
v    -0.4771127572   -0.04087686745   -0.01216442986
v    -0.4771405192   -0.04129260624   -0.02442559312
v    -0.4771735688   -0.03892509707   -0.03406365867
v    -0.4772031491   -0.02059541594   -0.03692258866
v    -0.4772235758   0.000756199589   -0.03695351481
v     -0.477231134     0.0221835744   -0.03698717577
v    -0.4772235505     0.0436126028   -0.03695413924
v    -0.4772031514    0.06115680448   -0.03471097511
v    -0.4771735688    0.07497823098   -0.02574964378
v    -0.4771402893    0.08054180437   -0.01806694901
v    -0.4771125789    0.08393062877  -0.009349462178
v    -0.4771010585    0.08507410514 -5.274548244e-17
v    -0.4771127796    0.08392629537   0.009329040128
v    -0.4771405131    0.08053933113    0.01804651502
v    -0.4771735688    0.07497823098    0.02574964378
v    -0.4772031211    0.06115595009    0.03471141085
v    -0.4772235505     0.0436126028    0.03695413924
v     -0.511343867     0.0224324672    0.03359776789
v     -0.511335364   0.002232796055     0.0335292848
v     -0.511312384   -0.01786586904    0.03340498045
v    -0.5112791062   -0.03490172098    0.03041362178
v    -0.5112419217   -0.03730568188     0.0218778641
v    -0.5112106987   -0.03696218434    0.01094739417
v    -0.5111975321   -0.03680150202 -6.497965228e-17
v    -0.5112106931    -0.0369620493   -0.01094721792
v    -0.5112419254   -0.03730575816   -0.02187797221
v    -0.5112791062   -0.03490172098   -0.03041362178
v     -0.511312384   -0.01786586904   -0.03340498045
v     -0.511335364   0.002232796055    -0.0335292848
v     -0.511343867     0.0224324672   -0.03359776789
v    -0.5113353355    0.04263400241   -0.03353000606
v    -0.5113123866    0.05956313987    -0.0316346004
v    -0.5112791062     0.0726554742    -0.0233024406
v    -0.5112416667    0.07763758595   -0.01632403163
v    -0.5112104925    0.08065406799  -0.008438079689
v    -0.5111975321    0.08166643642 -5.723531095e-17
v    -0.5112107183    0.08065011308   0.008415428642
v    -0.5112419185    0.07763555774    0.01630139463
v    -0.5112791062     0.0726554742     0.0233024406
v    -0.5113123525    0.05956217891    0.03163509088
v    -0.5113353355    0.04263400241    0.03353000606
v     -0.545446933     0.0227295328    0.03013083211
v    -0.5454412644   0.003833092727    0.03004435739
v    -0.5454259443   -0.01497497418    0.02984213792
v    -0.5454037591   -0.03072057817    0.02667807737
v    -0.5453789695   -0.03343240796    0.01934825725
v    -0.5453581542   -0.03338340745   0.009786595224
v    -0.5453493764   -0.03331708954 -6.883462658e-17
v    -0.5453581504   -0.03338331742  -0.009786477723
v     -0.545378972   -0.03343245849   -0.01934832905
v    -0.5454037591   -0.03072057817   -0.02667807737
v    -0.5454259443   -0.01497497418   -0.02984213792
v    -0.5454412644   0.003833092727   -0.03004435739
v     -0.545446933     0.0227295328   -0.03013083211
v    -0.5454412454    0.04162722062   -0.03004486326
v    -0.5454259461    0.05802805542   -0.02859842303
v    -0.5454037591    0.07050410284   -0.02100253644
v    -0.5453787995    0.07505533676   -0.01474437405
v    -0.5453580167    0.07783517509  -0.007630421966
v    -0.5453493764    0.07877615514 -6.193686931e-17
v    -0.5453581672    0.07783376537   0.007615752947
v    -0.5453789674    0.07505499019    0.01472975105
v    -0.5454037591    0.07050410284    0.02100253644
v    -0.5454259234    0.05802741508    0.02859875038
v    -0.5454412454    0.04162722062    0.03004486326
v     -0.579559666     0.0229784256    0.02674142423
v    -0.5795577765   0.005294926266    0.02667177999
v    -0.5795526698   -0.01233807954    0.02648502359
v    -0.5795452747   -0.02694985146    0.02328068986
v    -0.5795370115   -0.02990369341    0.01706516511
v    -0.5795300731   -0.03010647371   0.008739028629
v    -0.5795271472   -0.03012517137 -7.274587114e-17
v    -0.5795300718    -0.0301064437  -0.008738989462
v    -0.5795370123   -0.02990370993   -0.01706518878
v    -0.5795452747   -0.02694985146   -0.02328068986
v    -0.5795526698   -0.01233807954   -0.02648502359
v    -0.5795577765   0.005294926266   -0.02667177999
v     -0.579559666     0.0229784256   -0.02674142423
v    -0.5795577701    0.04066234589   -0.02667197364
v    -0.5795526704    0.05652713824   -0.02568258158
v    -0.5795452747    0.06843399545   -0.01880798265
v    -0.5795369549    0.07260846589   -0.01325372525
v    -0.5795300273    0.07519488213  -0.006874805897
v    -0.5795271472    0.07608202257 -6.652403683e-17
v    -0.5795300774    0.07519563911   0.006870347904
v    -0.5795370108    0.07260935593    0.01324931924
v    -0.5795452747    0.06843399545    0.01880798265
v    -0.5795526628     0.0565269251    0.02568269106
v    -0.5795577701    0.04066234589    0.02667197364
v       -0.6137014        0.0230828        0.0235846
v       -0.6137014   0.006356133333        0.0235846
v       -0.6137014   -0.01037053333        0.0235846
v       -0.6137014   -0.02415772366    0.02064512366
v       -0.6137014   -0.02695051521    0.01525707652
v       -0.6137014       -0.0270972   0.007861533333
v       -0.6137014       -0.0270972 -7.681597048e-17
v       -0.6137014       -0.0270972  -0.007861533333
v       -0.6137014   -0.02695051521   -0.01525707652
v       -0.6137014   -0.02415772366   -0.02064512366
v       -0.6137014   -0.01037053333       -0.0235846
v       -0.6137014   0.006356133333       -0.0235846
v       -0.6137014        0.0230828       -0.0235846
v       -0.6137014    0.03980946667       -0.0235846
v       -0.6137014    0.05503597548   -0.02296721461
v       -0.6137014    0.06635503059   -0.01667683059
v       -0.6137014    0.07011038245   -0.01177783415
v       -0.6137014    0.07245412116  -0.006119548371
v       -0.6137014        0.0732628 -7.067069284e-17
v       -0.6137014    0.07245412116   0.006119548371
v       -0.6137014    0.07011038245    0.01177783415
v       -0.6137014    0.06635503059    0.01667683059
v       -0.6137014    0.05503597548    0.02296721461
v       -0.6137014    0.03980946667        0.0235846
v    -0.6492730811     0.0229784256    0.02000174743
v    -0.6492731937   0.007292156237     0.0201055813
v     -0.649274651  -0.008474370433    0.02037795999
v    -0.6492789094   -0.02150480894    0.01788783454
v    -0.6492860499   -0.02398093729    0.01329346512
v     -0.649293188   -0.02413304739   0.006868489649
v    -0.6492963832   -0.02415242608 -8.089882112e-17
v    -0.6492930313   -0.02413438756  -0.006877806592
v    -0.6492858753   -0.02398153066   -0.01330276783
v    -0.6492789094   -0.02150480894   -0.01788783454
v     -0.649274651  -0.008474370433   -0.02037795999
v    -0.6492731937   0.007292156237    -0.0201055813
v    -0.6492730811     0.0229784256   -0.02000174743
v    -0.6492731937     0.0386646869   -0.02010554126
v     -0.649274651    0.05308707982   -0.01982478728
v    -0.6492789094    0.06390606956   -0.01433224396
v    -0.6492860499    0.06724627179   -0.01017680718
v     -0.649293188    0.06936712742  -0.005308443839
v    -0.6492963832    0.07010927728 -7.496957143e-17
v    -0.6492930313    0.06936650457   0.005317070095
v    -0.6492858753    0.06724525573    0.01018536014
v    -0.6492789094    0.06390606956    0.01433224396
v     -0.649274651    0.05308707934     0.0198247867
v    -0.6492731937     0.0386646869    0.02010554126
v    -0.6870485885     0.0227295328    0.01578035486
v    -0.6870489262   0.008409952115    0.01596939849
v    -0.6870532981  -0.006087293086    0.01642848483
v    -0.6870660733   -0.01816233517    0.01429646797
v    -0.6870874948   -0.02051134647    0.01069962325
v    -0.6871089089   -0.02105646427   0.005574278837
v    -0.6871184946    -0.0212473348 -8.487187814e-17
v    -0.6871084391   -0.02106048478  -0.005602229665
v    -0.6870869709    -0.0205131256   -0.01072753058
v    -0.6870660733   -0.01816233517   -0.01429646797
v    -0.6870532981  -0.006087293086   -0.01642848483
v    -0.6870489262   0.008409952115   -0.01596939849
v    -0.6870485885     0.0227295328   -0.01578035486
v    -0.6870489262    0.03704910442   -0.01596935343
v    -0.6870532981    0.05057425597   -0.01602842427
v    -0.6870660733    0.06104994687   -0.01172501407
v    -0.6870874948    0.06402451958  -0.008445910319
v    -0.6871089089     0.0659935367  -0.004446341888
v    -0.6871184946     0.0667064004 -7.996196669e-17
v    -0.6871084391    0.06599534881   0.004473515693
v    -0.6870869709     0.0640244881   0.008472974178
v    -0.6870660733    0.06104994687    0.01172501407
v    -0.6870532981    0.05057425543    0.01602842361
v    -0.6870489262    0.03704910442    0.01596935343
v    -0.7261066552     0.0224324672    0.01174462857
v    -0.7261071618   0.009494629874    0.01196696501
v    -0.7261137197  -0.003678150523    0.01247656966
v    -0.7261328825   -0.01471440567    0.01055147287
v    -0.7261650147   -0.01693520401    0.00793776775
v    -0.7261971359   -0.01793074857   0.004185741269
v    -0.7262115144   -0.01830923049 -8.887306382e-17
v    -0.7261964311   -0.01793677933   -0.00422766751
v    -0.7261642288   -0.01693787223  -0.007979628345
v    -0.7261328825   -0.01471440567   -0.01055147287
v    -0.7261137197  -0.003678150523   -0.01247656966
v    -0.7261071618   0.009494629873   -0.01196696501
v    -0.7261066552     0.0224324672   -0.01174462857
v    -0.7261071618    0.03537029848   -0.01196693498
v    -0.7261137197    0.04801502908   -0.01225925346
v    -0.7261328825    0.05818250091  -0.009154633708
v    -0.7261650147    0.06074333537  -0.006713631852
v    -0.7261971359    0.06251238182    -0.0035731421
v    -0.7262115144    0.06317416489 -8.524459787e-17
v    -0.7261964311    0.06251694032   0.003614550326
v    -0.7261642288    0.06074479652   0.006754930134
v    -0.7261328825    0.05818250091   0.009154633708
v    -0.7261137197    0.04801502871    0.01225925302
v    -0.7261071618    0.03537029848    0.01196693498
v    -0.7655260147     0.0221835744   0.008718774858
v    -0.7655264649    0.01033129842   0.008889194362
v    -0.7655322942  -0.001715791973   0.009262609668
v    -0.7655493278   -0.01174512375    0.00733329815
v    -0.7655778897    -0.0136459712   0.005470115464
v    -0.7656064419   -0.01481919818   0.002909717317
v    -0.7656192228   -0.01526541745 -9.304030047e-17
v    -0.7656058155   -0.01482455885  -0.002946985087
v    -0.7655771912   -0.01364834273  -0.005507324706
v    -0.7655493278   -0.01174512375   -0.00733329815
v    -0.7655322942  -0.001715791973  -0.009262609668
v    -0.7655264649    0.01033129842  -0.008889194362
v    -0.7655260147     0.0221835744  -0.008718774858
v    -0.7655264649    0.03403584836   -0.00888918435
v    -0.7655322942    0.04592692426  -0.009198402737
v    -0.7655493278    0.05569957007  -0.006920595671
v    -0.7655778897    0.05770092875  -0.005108460063
v    -0.7656064419    0.05910269565   -0.00272874406
v    -0.7656192228    0.05963256625 -9.041418424e-17
v    -0.7656058155    0.05910756557   0.002765839158
v    -0.7655771912    0.05770289793   0.005145481867
v    -0.7655493278    0.05569957007   0.006920595671
v    -0.7655322942    0.04592692414   0.009198402591
v    -0.7655264649    0.03403584836    0.00888918435
v       -0.8043854        0.0220792         0.007527
v       -0.8043854    0.01070506667         0.007527
v       -0.8043854 -0.0006690666667         0.007527
v       -0.8043854  -0.009838592742   0.005322392742
v       -0.8043854   -0.01103710929   0.003758883239
v       -0.8043854   -0.01178511101   0.001953047352
v       -0.8043854       -0.0120432 -9.751151038e-17
v       -0.8043854   -0.01178511101  -0.001953047352
v       -0.8043854   -0.01103710929  -0.003758883239
v       -0.8043854  -0.009838592742  -0.005322392742
v       -0.8043854 -0.0006690666667        -0.007527
v       -0.8043854    0.01070506667        -0.007527
v       -0.8043854        0.0220792        -0.007527
v       -0.8043854    0.03345333333        -0.007527
v       -0.8043854    0.04482746667        -0.007527
v       -0.8043854    0.05399699274  -0.005322392742
v       -0.8043854    0.05519550929  -0.003758883239
v       -0.8043854    0.05594351101  -0.001953047352
v       -0.8043854        0.0562016 -9.506744506e-17
v       -0.8043854    0.05594351101   0.001953047352
v       -0.8043854    0.05519550929   0.003758883239
v       -0.8043854    0.05399699274   0.005322392742
v       -0.8043854    0.04482746667         0.007527
v       -0.8043854    0.03345333333         0.007527
g MeshGeom
f 1 2 3
f 1 4 2
f 4 5 2
f 4 6 5
f 6 7 5
f 6 8 7
f 8 9 7
f 8 10 9
f 10 11 9
f 10 12 11
f 12 13 11
f 12 14 13
f 14 15 13
f 14 16 15
f 16 17 15
f 16 18 17
f 18 19 17
f 18 20 19
f 20 21 19
f 20 22 21
f 22 23 21
f 22 24 23
f 24 25 23
f 24 26 25
f 26 27 25
f 26 28 27
f 28 29 27
f 28 30 29
f 30 31 29
f 30 32 31
f 32 33 31
f 31 33 34
f 33 35 34
f 34 35 36
f 35 37 36
f 36 37 38
f 37 39 38
f 38 39 40
f 39 41 40
f 40 41 42
f 41 43 42
f 42 43 44
f 43 45 44
f 44 45 46
f 45 47 46
f 46 47 48
f 47 49 48
f 48 49 50
f 49 51 50
f 50 51 52
f 51 53 52
f 52 53 54
f 53 55 54
f 54 55 56
f 55 57 56
f 56 57 58
f 57 59 58
f 58 59 60
f 59 61 60
f 60 61 62
f 61 63 62
f 61 64 63
f 64 65 63
f 64 66 65
f 66 67 65
f 66 68 67
f 68 69 67
f 68 70 69
f 70 71 69
f 70 72 71
f 72 73 71
f 72 74 73
f 74 75 73
f 74 76 75
f 76 77 75
f 76 78 77
f 78 79 77
f 78 80 79
f 80 81 79
f 80 82 81
f 82 83 81
f 82 84 83
f 84 85 83
f 84 86 85
f 86 87 85
f 86 88 87
f 88 89 87
f 88 90 89
f 90 91 89
f 90 92 91
f 92 93 91
f 91 93 94
f 93 95 94
f 94 95 96
f 95 97 96
f 96 97 98
f 97 99 98
f 98 99 100
f 99 101 100
f 100 101 102
f 101 103 102
f 102 103 104
f 103 105 104
f 104 105 106
f 105 107 106
f 106 107 108
f 107 109 108
f 108 109 110
f 109 111 110
f 110 111 112
f 111 113 112
f 112 113 114
f 113 115 114
f 114 115 116
f 115 117 116
f 116 117 118
f 117 119 118
f 118 119 120
f 119 1 120
f 120 1 3
f 3 121 122
f 3 2 121
f 2 123 121
f 2 5 123
f 5 124 123
f 5 7 124
f 7 125 124
f 7 9 125
f 9 126 125
f 9 11 126
f 11 127 126
f 11 13 127
f 13 128 127
f 13 15 128
f 15 129 128
f 15 17 129
f 17 130 129
f 17 19 130
f 19 131 130
f 19 21 131
f 21 132 131
f 21 23 132
f 23 133 132
f 23 25 133
f 25 134 133
f 25 27 134
f 27 135 134
f 27 29 135
f 29 136 135
f 29 31 136
f 31 34 136
f 136 34 137
f 34 36 137
f 137 36 138
f 36 38 138
f 138 38 139
f 38 40 139
f 139 40 140
f 40 42 140
f 140 42 141
f 42 44 141
f 141 44 142
f 44 46 142
f 142 46 143
f 46 48 143
f 143 48 144
f 48 50 144
f 144 50 145
f 50 52 145
f 145 52 146
f 52 54 146
f 146 54 147
f 54 56 147
f 147 56 148
f 56 58 148
f 148 58 149
f 58 60 149
f 149 60 150
f 60 62 150
f 150 62 151
f 62 152 151
f 62 63 152
f 63 153 152
f 63 65 153
f 65 154 153
f 65 67 154
f 67 155 154
f 67 69 155
f 69 156 155
f 69 71 156
f 71 157 156
f 71 73 157
f 73 158 157
f 73 75 158
f 75 159 158
f 75 77 159
f 77 160 159
f 77 79 160
f 79 161 160
f 79 81 161
f 81 162 161
f 81 83 162
f 83 163 162
f 83 85 163
f 85 164 163
f 85 87 164
f 87 165 164
f 87 89 165
f 89 166 165
f 89 91 166
f 91 94 166
f 166 94 167
f 94 96 167
f 167 96 168
f 96 98 168
f 168 98 169
f 98 100 169
f 169 100 170
f 100 102 170
f 170 102 171
f 102 104 171
f 171 104 172
f 104 106 172
f 172 106 173
f 106 108 173
f 173 108 174
f 108 110 174
f 174 110 175
f 110 112 175
f 175 112 176
f 112 114 176
f 176 114 177
f 114 116 177
f 177 116 178
f 116 118 178
f 178 118 179
f 118 120 179
f 179 120 180
f 120 3 180
f 180 3 122
f 122 181 182
f 122 121 181
f 121 183 181
f 121 123 183
f 123 184 183
f 123 124 184
f 124 185 184
f 124 125 185
f 125 186 185
f 125 126 186
f 126 187 186
f 126 127 187
f 127 188 187
f 127 128 188
f 128 189 188
f 128 129 189
f 129 190 189
f 129 130 190
f 130 191 190
f 130 131 191
f 131 192 191
f 131 132 192
f 132 193 192
f 132 133 193
f 133 194 193
f 133 134 194
f 134 195 194
f 134 135 195
f 135 196 195
f 135 136 196
f 136 137 196
f 196 137 197
f 137 138 197
f 197 138 198
f 138 139 198
f 198 139 199
f 139 140 199
f 199 140 200
f 140 141 200
f 200 141 201
f 141 142 201
f 201 142 202
f 142 143 202
f 202 143 203
f 143 144 203
f 203 144 204
f 144 145 204
f 204 145 205
f 145 146 205
f 205 146 206
f 146 147 206
f 206 147 207
f 147 148 207
f 207 148 208
f 148 149 208
f 208 149 209
f 149 150 209
f 209 150 210
f 150 151 210
f 210 151 211
f 151 212 211
f 151 152 212
f 152 213 212
f 152 153 213
f 153 214 213
f 153 154 214
f 154 215 214
f 154 155 215
f 155 216 215
f 155 156 216
f 156 217 216
f 156 157 217
f 157 218 217
f 157 158 218
f 158 219 218
f 158 159 219
f 159 220 219
f 159 160 220
f 160 221 220
f 160 161 221
f 161 222 221
f 161 162 222
f 162 223 222
f 162 163 223
f 163 224 223
f 163 164 224
f 164 225 224
f 164 165 225
f 165 226 225
f 165 166 226
f 166 167 226
f 226 167 227
f 167 168 227
f 227 168 228
f 168 169 228
f 228 169 229
f 169 170 229
f 229 170 230
f 170 171 230
f 230 171 231
f 171 172 231
f 231 172 232
f 172 173 232
f 232 173 233
f 173 174 233
f 233 174 234
f 174 175 234
f 234 175 235
f 175 176 235
f 235 176 236
f 176 177 236
f 236 177 237
f 177 178 237
f 237 178 238
f 178 179 238
f 238 179 239
f 179 180 239
f 239 180 240
f 180 122 240
f 240 122 182
f 182 241 242
f 182 181 241
f 181 243 241
f 181 183 243
f 183 244 243
f 183 184 244
f 184 245 244
f 184 185 245
f 185 246 245
f 185 186 246
f 186 247 246
f 186 187 247
f 187 248 247
f 187 188 248
f 188 249 248
f 188 189 249
f 189 250 249
f 189 190 250
f 190 251 250
f 190 191 251
f 191 252 251
f 191 192 252
f 192 253 252
f 192 193 253
f 193 254 253
f 193 194 254
f 194 255 254
f 194 195 255
f 195 256 255
f 195 196 256
f 196 197 256
f 256 197 257
f 197 198 257
f 257 198 258
f 198 199 258
f 258 199 259
f 199 200 259
f 259 200 260
f 200 201 260
f 260 201 261
f 201 202 261
f 261 202 262
f 202 203 262
f 262 203 263
f 203 204 263
f 263 204 264
f 204 205 264
f 264 205 265
f 205 206 265
f 265 206 266
f 206 207 266
f 266 207 267
f 207 208 267
f 267 208 268
f 208 209 268
f 268 209 269
f 209 210 269
f 269 210 270
f 210 211 270
f 270 211 271
f 211 272 271
f 211 212 272
f 212 273 272
f 212 213 273
f 213 274 273
f 213 214 274
f 214 275 274
f 214 215 275
f 215 276 275
f 215 216 276
f 216 277 276
f 216 217 277
f 217 278 277
f 217 218 278
f 218 279 278
f 218 219 279
f 219 280 279
f 219 220 280
f 220 281 280
f 220 221 281
f 221 282 281
f 221 222 282
f 222 283 282
f 222 223 283
f 223 284 283
f 223 224 284
f 224 285 284
f 224 225 285
f 225 286 285
f 225 226 286
f 226 227 286
f 286 227 287
f 227 228 287
f 287 228 288
f 228 229 288
f 288 229 289
f 229 230 289
f 289 230 290
f 230 231 290
f 290 231 291
f 231 232 291
f 291 232 292
f 232 233 292
f 292 233 293
f 233 234 293
f 293 234 294
f 234 235 294
f 294 235 295
f 235 236 295
f 295 236 296
f 236 237 296
f 296 237 297
f 237 238 297
f 297 238 298
f 238 239 298
f 298 239 299
f 239 240 299
f 299 240 300
f 240 182 300
f 300 182 242
f 242 301 302
f 242 241 301
f 241 303 301
f 241 243 303
f 243 304 303
f 243 244 304
f 244 305 304
f 244 245 305
f 245 306 305
f 245 246 306
f 246 307 306
f 246 247 307
f 247 308 307
f 247 248 308
f 248 309 308
f 248 249 309
f 249 310 309
f 249 250 310
f 250 311 310
f 250 251 311
f 251 312 311
f 251 252 312
f 252 313 312
f 252 253 313
f 253 314 313
f 253 254 314
f 254 315 314
f 254 255 315
f 255 316 315
f 255 256 316
f 256 257 316
f 316 257 317
f 257 258 317
f 317 258 318
f 258 259 318
f 318 259 319
f 259 260 319
f 319 260 320
f 260 261 320
f 320 261 321
f 261 262 321
f 321 262 322
f 262 263 322
f 322 263 323
f 263 264 323
f 323 264 324
f 264 265 324
f 324 265 325
f 265 266 325
f 325 266 326
f 266 267 326
f 326 267 327
f 267 268 327
f 327 268 328
f 268 269 328
f 328 269 329
f 269 270 329
f 329 270 330
f 270 271 330
f 330 271 331
f 271 332 331
f 271 272 332
f 272 333 332
f 272 273 333
f 273 334 333
f 273 274 334
f 274 335 334
f 274 275 335
f 275 336 335
f 275 276 336
f 276 337 336
f 276 277 337
f 277 338 337
f 277 278 338
f 278 339 338
f 278 279 339
f 279 340 339
f 279 280 340
f 280 341 340
f 280 281 341
f 281 342 341
f 281 282 342
f 282 343 342
f 282 283 343
f 283 344 343
f 283 284 344
f 284 345 344
f 284 285 345
f 285 346 345
f 285 286 346
f 286 287 346
f 346 287 347
f 287 288 347
f 347 288 348
f 288 289 348
f 348 289 349
f 289 290 349
f 349 290 350
f 290 291 350
f 350 291 351
f 291 292 351
f 351 292 352
f 292 293 352
f 352 293 353
f 293 294 353
f 353 294 354
f 294 295 354
f 354 295 355
f 295 296 355
f 355 296 356
f 296 297 356
f 356 297 357
f 297 298 357
f 357 298 358
f 298 299 358
f 358 299 359
f 299 300 359
f 359 300 360
f 300 242 360
f 360 242 302
f 302 361 362
f 302 301 361
f 301 363 361
f 301 303 363
f 303 364 363
f 303 304 364
f 304 365 364
f 304 305 365
f 305 366 365
f 305 306 366
f 306 367 366
f 306 307 367
f 307 368 367
f 307 308 368
f 308 369 368
f 308 309 369
f 309 370 369
f 309 310 370
f 310 371 370
f 310 311 371
f 311 372 371
f 311 312 372
f 312 373 372
f 312 313 373
f 313 374 373
f 313 314 374
f 314 375 374
f 314 315 375
f 315 376 375
f 315 316 376
f 316 317 376
f 376 317 377
f 317 318 377
f 377 318 378
f 318 319 378
f 378 319 379
f 319 320 379
f 379 320 380
f 320 321 380
f 380 321 381
f 321 322 381
f 381 322 382
f 322 323 382
f 382 323 383
f 323 324 383
f 383 324 384
f 324 325 384
f 384 325 385
f 325 326 385
f 385 326 386
f 326 327 386
f 386 327 387
f 327 328 387
f 387 328 388
f 328 329 388
f 388 329 389
f 329 330 389
f 389 330 390
f 330 331 390
f 390 331 391
f 331 392 391
f 331 332 392
f 332 393 392
f 332 333 393
f 333 394 393
f 333 334 394
f 334 395 394
f 334 335 395
f 335 396 395
f 335 336 396
f 336 397 396
f 336 337 397
f 337 398 397
f 337 338 398
f 338 399 398
f 338 339 399
f 339 400 399
f 339 340 400
f 340 401 400
f 340 341 401
f 341 402 401
f 341 342 402
f 342 403 402
f 342 343 403
f 343 404 403
f 343 344 404
f 344 405 404
f 344 345 405
f 345 406 405
f 345 346 406
f 346 347 406
f 406 347 407
f 347 348 407
f 407 348 408
f 348 349 408
f 408 349 409
f 349 350 409
f 409 350 410
f 350 351 410
f 410 351 411
f 351 352 411
f 411 352 412
f 352 353 412
f 412 353 413
f 353 354 413
f 413 354 414
f 354 355 414
f 414 355 415
f 355 356 415
f 415 356 416
f 356 357 416
f 416 357 417
f 357 358 417
f 417 358 418
f 358 359 418
f 418 359 419
f 359 360 419
f 419 360 420
f 360 302 420
f 420 302 362
f 362 421 422
f 362 361 421
f 361 423 421
f 361 363 423
f 363 424 423
f 363 364 424
f 364 425 424
f 364 365 425
f 365 426 425
f 365 366 426
f 366 427 426
f 366 367 427
f 367 428 427
f 367 368 428
f 368 429 428
f 368 369 429
f 369 430 429
f 369 370 430
f 370 431 430
f 370 371 431
f 371 432 431
f 371 372 432
f 372 433 432
f 372 373 433
f 373 434 433
f 373 374 434
f 374 435 434
f 374 375 435
f 375 436 435
f 375 376 436
f 376 377 436
f 436 377 437
f 377 378 437
f 437 378 438
f 378 379 438
f 438 379 439
f 379 380 439
f 439 380 440
f 380 381 440
f 440 381 441
f 381 382 441
f 441 382 442
f 382 383 442
f 442 383 443
f 383 384 443
f 443 384 444
f 384 385 444
f 444 385 445
f 385 386 445
f 445 386 446
f 386 387 446
f 446 387 447
f 387 388 447
f 447 388 448
f 388 389 448
f 448 389 449
f 389 390 449
f 449 390 450
f 390 391 450
f 450 391 451
f 391 452 451
f 391 392 452
f 392 453 452
f 392 393 453
f 393 454 453
f 393 394 454
f 394 455 454
f 394 395 455
f 395 456 455
f 395 396 456
f 396 457 456
f 396 397 457
f 397 458 457
f 397 398 458
f 398 459 458
f 398 399 459
f 399 460 459
f 399 400 460
f 400 461 460
f 400 401 461
f 401 462 461
f 401 402 462
f 402 463 462
f 402 403 463
f 403 464 463
f 403 404 464
f 404 465 464
f 404 405 465
f 405 466 465
f 405 406 466
f 406 407 466
f 466 407 467
f 407 408 467
f 467 408 468
f 408 409 468
f 468 409 469
f 409 410 469
f 469 410 470
f 410 411 470
f 470 411 471
f 411 412 471
f 471 412 472
f 412 413 472
f 472 413 473
f 413 414 473
f 473 414 474
f 414 415 474
f 474 415 475
f 415 416 475
f 475 416 476
f 416 417 476
f 476 417 477
f 417 418 477
f 477 418 478
f 418 419 478
f 478 419 479
f 419 420 479
f 479 420 480
f 420 362 480
f 480 362 422
f 422 481 482
f 422 421 481
f 421 483 481
f 421 423 483
f 423 484 483
f 423 424 484
f 424 485 484
f 424 425 485
f 425 486 485
f 425 426 486
f 426 487 486
f 426 427 487
f 427 488 487
f 427 428 488
f 428 489 488
f 428 429 489
f 429 490 489
f 429 430 490
f 430 491 490
f 430 431 491
f 431 492 491
f 431 432 492
f 432 493 492
f 432 433 493
f 433 494 493
f 433 434 494
f 434 495 494
f 434 435 495
f 435 496 495
f 435 436 496
f 436 437 496
f 496 437 497
f 437 438 497
f 497 438 498
f 438 439 498
f 498 439 499
f 439 440 499
f 499 440 500
f 440 441 500
f 500 441 501
f 441 442 501
f 501 442 502
f 442 443 502
f 502 443 503
f 443 444 503
f 503 444 504
f 444 445 504
f 504 445 505
f 445 446 505
f 505 446 506
f 446 447 506
f 506 447 507
f 447 448 507
f 507 448 508
f 448 449 508
f 508 449 509
f 449 450 509
f 509 450 510
f 450 451 510
f 510 451 511
f 451 512 511
f 451 452 512
f 452 513 512
f 452 453 513
f 453 514 513
f 453 454 514
f 454 515 514
f 454 455 515
f 455 516 515
f 455 456 516
f 456 517 516
f 456 457 517
f 457 518 517
f 457 458 518
f 458 519 518
f 458 459 519
f 459 520 519
f 459 460 520
f 460 521 520
f 460 461 521
f 461 522 521
f 461 462 522
f 462 523 522
f 462 463 523
f 463 524 523
f 463 464 524
f 464 525 524
f 464 465 525
f 465 526 525
f 465 466 526
f 466 467 526
f 526 467 527
f 467 468 527
f 527 468 528
f 468 469 528
f 528 469 529
f 469 470 529
f 529 470 530
f 470 471 530
f 530 471 531
f 471 472 531
f 531 472 532
f 472 473 532
f 532 473 533
f 473 474 533
f 533 474 534
f 474 475 534
f 534 475 535
f 475 476 535
f 535 476 536
f 476 477 536
f 536 477 537
f 477 478 537
f 537 478 538
f 478 479 538
f 538 479 539
f 479 480 539
f 539 480 540
f 480 422 540
f 540 422 482
f 482 541 542
f 482 481 541
f 481 543 541
f 481 483 543
f 483 544 543
f 483 484 544
f 484 545 544
f 484 485 545
f 485 546 545
f 485 486 546
f 486 547 546
f 486 487 547
f 487 548 547
f 487 488 548
f 488 549 548
f 488 489 549
f 489 550 549
f 489 490 550
f 490 551 550
f 490 491 551
f 491 552 551
f 491 492 552
f 492 553 552
f 492 493 553
f 493 554 553
f 493 494 554
f 494 555 554
f 494 495 555
f 495 556 555
f 495 496 556
f 496 497 556
f 556 497 557
f 497 498 557
f 557 498 558
f 498 499 558
f 558 499 559
f 499 500 559
f 559 500 560
f 500 501 560
f 560 501 561
f 501 502 561
f 561 502 562
f 502 503 562
f 562 503 563
f 503 504 563
f 563 504 564
f 504 505 564
f 564 505 565
f 505 506 565
f 565 506 566
f 506 507 566
f 566 507 567
f 507 508 567
f 567 508 568
f 508 509 568
f 568 509 569
f 509 510 569
f 569 510 570
f 510 511 570
f 570 511 571
f 511 572 571
f 511 512 572
f 512 573 572
f 512 513 573
f 513 574 573
f 513 514 574
f 514 575 574
f 514 515 575
f 515 576 575
f 515 516 576
f 516 577 576
f 516 517 577
f 517 578 577
f 517 518 578
f 518 579 578
f 518 519 579
f 519 580 579
f 519 520 580
f 520 581 580
f 520 521 581
f 521 582 581
f 521 522 582
f 522 583 582
f 522 523 583
f 523 584 583
f 523 524 584
f 524 585 584
f 524 525 585
f 525 586 585
f 525 526 586
f 526 527 586
f 586 527 587
f 527 528 587
f 587 528 588
f 528 529 588
f 588 529 589
f 529 530 589
f 589 530 590
f 530 531 590
f 590 531 591
f 531 532 591
f 591 532 592
f 532 533 592
f 592 533 593
f 533 534 593
f 593 534 594
f 534 535 594
f 594 535 595
f 535 536 595
f 595 536 596
f 536 537 596
f 596 537 597
f 537 538 597
f 597 538 598
f 538 539 598
f 598 539 599
f 539 540 599
f 599 540 600
f 540 482 600
f 600 482 542
f 542 601 602
f 542 541 601
f 541 603 601
f 541 543 603
f 543 604 603
f 543 544 604
f 544 605 604
f 544 545 605
f 545 606 605
f 545 546 606
f 546 607 606
f 546 547 607
f 547 608 607
f 547 548 608
f 548 609 608
f 548 549 609
f 549 610 609
f 549 550 610
f 550 611 610
f 550 551 611
f 551 612 611
f 551 552 612
f 552 613 612
f 552 553 613
f 553 614 613
f 553 554 614
f 554 615 614
f 554 555 615
f 555 616 615
f 555 556 616
f 556 557 616
f 616 557 617
f 557 558 617
f 617 558 618
f 558 559 618
f 618 559 619
f 559 560 619
f 619 560 620
f 560 561 620
f 620 561 621
f 561 562 621
f 621 562 622
f 562 563 622
f 622 563 623
f 563 564 623
f 623 564 624
f 564 565 624
f 624 565 625
f 565 566 625
f 625 566 626
f 566 567 626
f 626 567 627
f 567 568 627
f 627 568 628
f 568 569 628
f 628 569 629
f 569 570 629
f 629 570 630
f 570 571 630
f 630 571 631
f 571 632 631
f 571 572 632
f 572 633 632
f 572 573 633
f 573 634 633
f 573 574 634
f 574 635 634
f 574 575 635
f 575 636 635
f 575 576 636
f 576 637 636
f 576 577 637
f 577 638 637
f 577 578 638
f 578 639 638
f 578 579 639
f 579 640 639
f 579 580 640
f 580 641 640
f 580 581 641
f 581 642 641
f 581 582 642
f 582 643 642
f 582 583 643
f 583 644 643
f 583 584 644
f 584 645 644
f 584 585 645
f 585 646 645
f 585 586 646
f 586 587 646
f 646 587 647
f 587 588 647
f 647 588 648
f 588 589 648
f 648 589 649
f 589 590 649
f 649 590 650
f 590 591 650
f 650 591 651
f 591 592 651
f 651 592 652
f 592 593 652
f 652 593 653
f 593 594 653
f 653 594 654
f 594 595 654
f 654 595 655
f 595 596 655
f 655 596 656
f 596 597 656
f 656 597 657
f 597 598 657
f 657 598 658
f 598 599 658
f 658 599 659
f 599 600 659
f 659 600 660
f 600 542 660
f 660 542 602
f 602 661 662
f 602 601 661
f 601 663 661
f 601 603 663
f 603 664 663
f 603 604 664
f 604 665 664
f 604 605 665
f 605 666 665
f 605 606 666
f 606 667 666
f 606 607 667
f 607 668 667
f 607 608 668
f 608 669 668
f 608 609 669
f 609 670 669
f 609 610 670
f 610 671 670
f 610 611 671
f 611 672 671
f 611 612 672
f 612 673 672
f 612 613 673
f 613 674 673
f 613 614 674
f 614 675 674
f 614 615 675
f 615 676 675
f 615 616 676
f 616 617 676
f 676 617 677
f 617 618 677
f 677 618 678
f 618 619 678
f 678 619 679
f 619 620 679
f 679 620 680
f 620 621 680
f 680 621 681
f 621 622 681
f 681 622 682
f 622 623 682
f 682 623 683
f 623 624 683
f 683 624 684
f 624 625 684
f 684 625 685
f 625 626 685
f 685 626 686
f 626 627 686
f 686 627 687
f 627 628 687
f 687 628 688
f 628 629 688
f 688 629 689
f 629 630 689
f 689 630 690
f 630 631 690
f 690 631 691
f 631 692 691
f 631 632 692
f 632 693 692
f 632 633 693
f 633 694 693
f 633 634 694
f 634 695 694
f 634 635 695
f 635 696 695
f 635 636 696
f 636 697 696
f 636 637 697
f 637 698 697
f 637 638 698
f 638 699 698
f 638 639 699
f 639 700 699
f 639 640 700
f 640 701 700
f 640 641 701
f 641 702 701
f 641 642 702
f 642 703 702
f 642 643 703
f 643 704 703
f 643 644 704
f 644 705 704
f 644 645 705
f 645 706 705
f 645 646 706
f 646 647 706
f 706 647 707
f 647 648 707
f 707 648 708
f 648 649 708
f 708 649 709
f 649 650 709
f 709 650 710
f 650 651 710
f 710 651 711
f 651 652 711
f 711 652 712
f 652 653 712
f 712 653 713
f 653 654 713
f 713 654 714
f 654 655 714
f 714 655 715
f 655 656 715
f 715 656 716
f 656 657 716
f 716 657 717
f 657 658 717
f 717 658 718
f 658 659 718
f 718 659 719
f 659 660 719
f 719 660 720
f 660 602 720
f 720 602 662
f 662 721 722
f 662 661 721
f 661 723 721
f 661 663 723
f 663 724 723
f 663 664 724
f 664 725 724
f 664 665 725
f 665 726 725
f 665 666 726
f 666 727 726
f 666 667 727
f 667 728 727
f 667 668 728
f 668 729 728
f 668 669 729
f 669 730 729
f 669 670 730
f 670 731 730
f 670 671 731
f 671 732 731
f 671 672 732
f 672 733 732
f 672 673 733
f 673 734 733
f 673 674 734
f 674 735 734
f 674 675 735
f 675 736 735
f 675 676 736
f 676 677 736
f 736 677 737
f 677 678 737
f 737 678 738
f 678 679 738
f 738 679 739
f 679 680 739
f 739 680 740
f 680 681 740
f 740 681 741
f 681 682 741
f 741 682 742
f 682 683 742
f 742 683 743
f 683 684 743
f 743 684 744
f 684 685 744
f 744 685 745
f 685 686 745
f 745 686 746
f 686 687 746
f 746 687 747
f 687 688 747
f 747 688 748
f 688 689 748
f 748 689 749
f 689 690 749
f 749 690 750
f 690 691 750
f 750 691 751
f 691 752 751
f 691 692 752
f 692 753 752
f 692 693 753
f 693 754 753
f 693 694 754
f 694 755 754
f 694 695 755
f 695 756 755
f 695 696 756
f 696 757 756
f 696 697 757
f 697 758 757
f 697 698 758
f 698 759 758
f 698 699 759
f 699 760 759
f 699 700 760
f 700 761 760
f 700 701 761
f 701 762 761
f 701 702 762
f 702 763 762
f 702 703 763
f 703 764 763
f 703 704 764
f 704 765 764
f 704 705 765
f 705 766 765
f 705 706 766
f 706 707 766
f 766 707 767
f 707 708 767
f 767 708 768
f 708 709 768
f 768 709 769
f 709 710 769
f 769 710 770
f 710 711 770
f 770 711 771
f 711 712 771
f 771 712 772
f 712 713 772
f 772 713 773
f 713 714 773
f 773 714 774
f 714 715 774
f 774 715 775
f 715 716 775
f 775 716 776
f 716 717 776
f 776 717 777
f 717 718 777
f 777 718 778
f 718 719 778
f 778 719 779
f 719 720 779
f 779 720 780
f 720 662 780
f 780 662 722
f 722 781 782
f 722 721 781
f 721 783 781
f 721 723 783
f 723 784 783
f 723 724 784
f 724 785 784
f 724 725 785
f 725 786 785
f 725 726 786
f 726 787 786
f 726 727 787
f 727 788 787
f 727 728 788
f 728 789 788
f 728 729 789
f 729 790 789
f 729 730 790
f 730 791 790
f 730 731 791
f 731 792 791
f 731 732 792
f 732 793 792
f 732 733 793
f 733 794 793
f 733 734 794
f 734 795 794
f 734 735 795
f 735 796 795
f 735 736 796
f 736 737 796
f 796 737 797
f 737 738 797
f 797 738 798
f 738 739 798
f 798 739 799
f 739 740 799
f 799 740 800
f 740 741 800
f 800 741 801
f 741 742 801
f 801 742 802
f 742 743 802
f 802 743 803
f 743 744 803
f 803 744 804
f 744 745 804
f 804 745 805
f 745 746 805
f 805 746 806
f 746 747 806
f 806 747 807
f 747 748 807
f 807 748 808
f 748 749 808
f 808 749 809
f 749 750 809
f 809 750 810
f 750 751 810
f 810 751 811
f 751 812 811
f 751 752 812
f 752 813 812
f 752 753 813
f 753 814 813
f 753 754 814
f 754 815 814
f 754 755 815
f 755 816 815
f 755 756 816
f 756 817 816
f 756 757 817
f 757 818 817
f 757 758 818
f 758 819 818
f 758 759 819
f 759 820 819
f 759 760 820
f 760 821 820
f 760 761 821
f 761 822 821
f 761 762 822
f 762 823 822
f 762 763 823
f 763 824 823
f 763 764 824
f 764 825 824
f 764 765 825
f 765 826 825
f 765 766 826
f 766 767 826
f 826 767 827
f 767 768 827
f 827 768 828
f 768 769 828
f 828 769 829
f 769 770 829
f 829 770 830
f 770 771 830
f 830 771 831
f 771 772 831
f 831 772 832
f 772 773 832
f 832 773 833
f 773 774 833
f 833 774 834
f 774 775 834
f 834 775 835
f 775 776 835
f 835 776 836
f 776 777 836
f 836 777 837
f 777 778 837
f 837 778 838
f 778 779 838
f 838 779 839
f 779 780 839
f 839 780 840
f 780 722 840
f 840 722 782
f 782 841 842
f 782 781 841
f 781 843 841
f 781 783 843
f 783 844 843
f 783 784 844
f 784 845 844
f 784 785 845
f 785 846 845
f 785 786 846
f 786 847 846
f 786 787 847
f 787 848 847
f 787 788 848
f 788 849 848
f 788 789 849
f 789 850 849
f 789 790 850
f 790 851 850
f 790 791 851
f 791 852 851
f 791 792 852
f 792 853 852
f 792 793 853
f 793 854 853
f 793 794 854
f 794 855 854
f 794 795 855
f 795 856 855
f 795 796 856
f 796 797 856
f 856 797 857
f 797 798 857
f 857 798 858
f 798 799 858
f 858 799 859
f 799 800 859
f 859 800 860
f 800 801 860
f 860 801 861
f 801 802 861
f 861 802 862
f 802 803 862
f 862 803 863
f 803 804 863
f 863 804 864
f 804 805 864
f 864 805 865
f 805 806 865
f 865 806 866
f 806 807 866
f 866 807 867
f 807 808 867
f 867 808 868
f 808 809 868
f 868 809 869
f 809 810 869
f 869 810 870
f 810 811 870
f 870 811 871
f 811 872 871
f 811 812 872
f 812 873 872
f 812 813 873
f 813 874 873
f 813 814 874
f 814 875 874
f 814 815 875
f 815 876 875
f 815 816 876
f 816 877 876
f 816 817 877
f 817 878 877
f 817 818 878
f 818 879 878
f 818 819 879
f 819 880 879
f 819 820 880
f 820 881 880
f 820 821 881
f 821 882 881
f 821 822 882
f 822 883 882
f 822 823 883
f 823 884 883
f 823 824 884
f 824 885 884
f 824 825 885
f 825 886 885
f 825 826 886
f 826 827 886
f 886 827 887
f 827 828 887
f 887 828 888
f 828 829 888
f 888 829 889
f 829 830 889
f 889 830 890
f 830 831 890
f 890 831 891
f 831 832 891
f 891 832 892
f 832 833 892
f 892 833 893
f 833 834 893
f 893 834 894
f 834 835 894
f 894 835 895
f 835 836 895
f 895 836 896
f 836 837 896
f 896 837 897
f 837 838 897
f 897 838 898
f 838 839 898
f 898 839 899
f 839 840 899
f 899 840 900
f 840 782 900
f 900 782 842
f 842 841 901
f 841 902 901
f 841 843 902
f 843 903 902
f 843 844 903
f 844 904 903
f 844 845 904
f 845 905 904
f 845 846 905
f 846 906 905
f 846 847 906
f 847 907 906
f 847 848 907
f 848 908 907
f 848 849 908
f 849 909 908
f 849 850 909
f 850 910 909
f 850 851 910
f 851 911 910
f 851 852 911
f 852 912 911
f 852 853 912
f 853 913 912
f 853 854 913
f 854 914 913
f 854 855 914
f 855 915 914
f 855 856 915
f 856 857 915
f 915 857 916
f 857 858 916
f 916 858 917
f 858 859 917
f 917 859 918
f 859 860 918
f 918 860 919
f 860 861 919
f 919 861 920
f 861 862 920
f 920 862 921
f 862 863 921
f 921 863 922
f 863 864 922
f 922 864 923
f 864 865 923
f 923 865 924
f 865 866 924
f 924 866 925
f 866 867 925
f 925 867 926
f 867 868 926
f 926 868 927
f 868 869 927
f 927 869 928
f 869 870 928
f 928 870 929
f 870 871 929
f 871 872 930
f 872 931 930
f 872 873 931
f 873 932 931
f 873 874 932
f 874 933 932
f 874 875 933
f 875 934 933
f 875 876 934
f 876 935 934
f 876 877 935
f 877 936 935
f 877 878 936
f 878 937 936
f 878 879 937
f 879 938 937
f 879 880 938
f 880 939 938
f 880 881 939
f 881 940 939
f 881 882 940
f 882 941 940
f 882 883 941
f 883 942 941
f 883 884 942
f 884 943 942
f 884 885 943
f 885 944 943
f 885 886 944
f 886 887 944
f 944 887 945
f 887 888 945
f 945 888 946
f 888 889 946
f 946 889 947
f 889 890 947
f 947 890 948
f 890 891 948
f 948 891 949
f 891 892 949
f 949 892 950
f 892 893 950
f 950 893 951
f 893 894 951
f 951 894 952
f 894 895 952
f 952 895 953
f 895 896 953
f 953 896 954
f 896 897 954
f 954 897 955
f 897 898 955
f 955 898 956
f 898 899 956
f 956 899 957
f 899 900 957
f 957 900 958
f 900 842 958
f 842 901 959
f 901 960 959
f 901 902 960
f 902 961 960
f 902 903 961
f 903 962 961
f 903 904 962
f 904 963 962
f 904 905 963
f 905 964 963
f 905 906 964
f 906 965 964
f 906 907 965
f 907 966 965
f 907 908 966
f 908 967 966
f 908 909 967
f 909 968 967
f 909 910 968
f 910 969 968
f 910 911 969
f 911 970 969
f 911 912 970
f 912 971 970
f 912 913 971
f 913 972 971
f 913 914 972
f 914 973 972
f 914 915 973
f 915 916 973
f 973 916 974
f 916 917 974
f 974 917 975
f 917 918 975
f 975 918 976
f 918 919 976
f 976 919 977
f 919 920 977
f 977 920 978
f 920 921 978
f 978 921 979
f 921 922 979
f 979 922 980
f 922 923 980
f 980 923 981
f 923 924 981
f 981 924 982
f 924 925 982
f 982 925 983
f 925 926 983
f 983 926 984
f 926 927 984
f 984 927 985
f 927 928 985
f 985 928 986
f 928 929 986
f 986 929 987
f 929 871 987
f 871 930 987
f 930 986 987
f 930 931 986
f 931 985 986
f 931 932 985
f 932 984 985
f 932 933 984
f 933 983 984
f 933 934 983
f 934 982 983
f 934 935 982
f 935 981 982
f 935 936 981
f 936 980 981
f 936 937 980
f 937 979 980
f 937 938 979
f 938 978 979
f 938 939 978
f 939 977 978
f 939 940 977
f 940 976 977
f 940 941 976
f 941 975 976
f 941 942 975
f 942 974 975
f 942 943 974
f 943 973 974
f 943 944 973
f 944 945 973
f 973 945 972
f 945 946 972
f 972 946 971
f 946 947 971
f 971 947 970
f 947 948 970
f 970 948 969
f 948 949 969
f 969 949 968
f 949 950 968
f 968 950 967
f 950 951 967
f 967 951 966
f 951 952 966
f 966 952 965
f 952 953 965
f 965 953 964
f 953 954 964
f 964 954 963
f 954 955 963
f 963 955 962
f 955 956 962
f 962 956 961
f 956 957 961
f 961 957 960
f 957 958 960
f 960 958 959
f 958 842 959
f 1 988 989
f 1 989 4
f 4 989 990
f 4 990 6
f 6 990 991
f 6 991 8
f 8 991 992
f 8 992 10
f 10 992 993
f 10 993 12
f 12 993 994
f 12 994 14
f 14 994 995
f 14 995 16
f 16 995 996
f 16 996 18
f 18 996 997
f 18 997 20
f 20 997 998
f 20 998 22
f 22 998 999
f 22 999 24
f 24 999 1000
f 24 1000 26
f 26 1000 1001
f 26 1001 28
f 28 1001 1002
f 28 1002 30
f 30 1002 1003
f 30 1003 32
f 32 1003 33
f 1003 1004 33
f 33 1004 35
f 1004 1005 35
f 35 1005 37
f 1005 1006 37
f 37 1006 39
f 1006 1007 39
f 39 1007 41
f 1007 1008 41
f 41 1008 43
f 1008 1009 43
f 43 1009 45
f 1009 1010 45
f 45 1010 47
f 1010 1011 47
f 47 1011 49
f 1011 1012 49
f 49 1012 51
f 1012 1013 51
f 51 1013 53
f 1013 1014 53
f 53 1014 55
f 1014 1015 55
f 55 1015 57
f 1015 1016 57
f 57 1016 59
f 1016 1017 59
f 59 1017 61
f 1017 1018 61
f 61 1018 1019
f 61 1019 64
f 64 1019 1020
f 64 1020 66
f 66 1020 1021
f 66 1021 68
f 68 1021 1022
f 68 1022 70
f 70 1022 1023
f 70 1023 72
f 72 1023 1024
f 72 1024 74
f 74 1024 1025
f 74 1025 76
f 76 1025 1026
f 76 1026 78
f 78 1026 1027
f 78 1027 80
f 80 1027 1028
f 80 1028 82
f 82 1028 1029
f 82 1029 84
f 84 1029 1030
f 84 1030 86
f 86 1030 1031
f 86 1031 88
f 88 1031 1032
f 88 1032 90
f 90 1032 1033
f 90 1033 92
f 92 1033 93
f 1033 1034 93
f 93 1034 95
f 1034 1035 95
f 95 1035 97
f 1035 1036 97
f 97 1036 99
f 1036 1037 99
f 99 1037 101
f 1037 1038 101
f 101 1038 103
f 1038 1039 103
f 103 1039 105
f 1039 1040 105
f 105 1040 107
f 1040 1041 107
f 107 1041 109
f 1041 1042 109
f 109 1042 111
f 1042 1043 111
f 111 1043 113
f 1043 1044 113
f 113 1044 115
f 1044 1045 115
f 115 1045 117
f 1045 1046 117
f 117 1046 119
f 1046 1047 119
f 119 1047 1
f 1047 988 1
f 988 1048 1049
f 988 1049 989
f 989 1049 1050
f 989 1050 990
f 990 1050 1051
f 990 1051 991
f 991 1051 1052
f 991 1052 992
f 992 1052 1053
f 992 1053 993
f 993 1053 1054
f 993 1054 994
f 994 1054 1055
f 994 1055 995
f 995 1055 1056
f 995 1056 996
f 996 1056 1057
f 996 1057 997
f 997 1057 1058
f 997 1058 998
f 998 1058 1059
f 998 1059 999
f 999 1059 1060
f 999 1060 1000
f 1000 1060 1061
f 1000 1061 1001
f 1001 1061 1062
f 1001 1062 1002
f 1002 1062 1063
f 1002 1063 1003
f 1003 1063 1004
f 1063 1064 1004
f 1004 1064 1005
f 1064 1065 1005
f 1005 1065 1006
f 1065 1066 1006
f 1006 1066 1007
f 1066 1067 1007
f 1007 1067 1008
f 1067 1068 1008
f 1008 1068 1009
f 1068 1069 1009
f 1009 1069 1010
f 1069 1070 1010
f 1010 1070 1011
f 1070 1071 1011
f 1011 1071 1012
f 1071 1072 1012
f 1012 1072 1013
f 1072 1073 1013
f 1013 1073 1014
f 1073 1074 1014
f 1014 1074 1015
f 1074 1075 1015
f 1015 1075 1016
f 1075 1076 1016
f 1016 1076 1017
f 1076 1077 1017
f 1017 1077 1018
f 1077 1078 1018
f 1018 1078 1079
f 1018 1079 1019
f 1019 1079 1080
f 1019 1080 1020
f 1020 1080 1081
f 1020 1081 1021
f 1021 1081 1082
f 1021 1082 1022
f 1022 1082 1083
f 1022 1083 1023
f 1023 1083 1084
f 1023 1084 1024
f 1024 1084 1085
f 1024 1085 1025
f 1025 1085 1086
f 1025 1086 1026
f 1026 1086 1087
f 1026 1087 1027
f 1027 1087 1088
f 1027 1088 1028
f 1028 1088 1089
f 1028 1089 1029
f 1029 1089 1090
f 1029 1090 1030
f 1030 1090 1091
f 1030 1091 1031
f 1031 1091 1092
f 1031 1092 1032
f 1032 1092 1093
f 1032 1093 1033
f 1033 1093 1034
f 1093 1094 1034
f 1034 1094 1035
f 1094 1095 1035
f 1035 1095 1036
f 1095 1096 1036
f 1036 1096 1037
f 1096 1097 1037
f 1037 1097 1038
f 1097 1098 1038
f 1038 1098 1039
f 1098 1099 1039
f 1039 1099 1040
f 1099 1100 1040
f 1040 1100 1041
f 1100 1101 1041
f 1041 1101 1042
f 1101 1102 1042
f 1042 1102 1043
f 1102 1103 1043
f 1043 1103 1044
f 1103 1104 1044
f 1044 1104 1045
f 1104 1105 1045
f 1045 1105 1046
f 1105 1106 1046
f 1046 1106 1047
f 1106 1107 1047
f 1047 1107 988
f 1107 1048 988
f 1048 1108 1109
f 1048 1109 1049
f 1049 1109 1110
f 1049 1110 1050
f 1050 1110 1111
f 1050 1111 1051
f 1051 1111 1112
f 1051 1112 1052
f 1052 1112 1113
f 1052 1113 1053
f 1053 1113 1114
f 1053 1114 1054
f 1054 1114 1115
f 1054 1115 1055
f 1055 1115 1116
f 1055 1116 1056
f 1056 1116 1117
f 1056 1117 1057
f 1057 1117 1118
f 1057 1118 1058
f 1058 1118 1119
f 1058 1119 1059
f 1059 1119 1120
f 1059 1120 1060
f 1060 1120 1121
f 1060 1121 1061
f 1061 1121 1122
f 1061 1122 1062
f 1062 1122 1123
f 1062 1123 1063
f 1063 1123 1064
f 1123 1124 1064
f 1064 1124 1065
f 1124 1125 1065
f 1065 1125 1066
f 1125 1126 1066
f 1066 1126 1067
f 1126 1127 1067
f 1067 1127 1068
f 1127 1128 1068
f 1068 1128 1069
f 1128 1129 1069
f 1069 1129 1070
f 1129 1130 1070
f 1070 1130 1071
f 1130 1131 1071
f 1071 1131 1072
f 1131 1132 1072
f 1072 1132 1073
f 1132 1133 1073
f 1073 1133 1074
f 1133 1134 1074
f 1074 1134 1075
f 1134 1135 1075
f 1075 1135 1076
f 1135 1136 1076
f 1076 1136 1077
f 1136 1137 1077
f 1077 1137 1078
f 1137 1138 1078
f 1078 1138 1139
f 1078 1139 1079
f 1079 1139 1140
f 1079 1140 1080
f 1080 1140 1141
f 1080 1141 1081
f 1081 1141 1142
f 1081 1142 1082
f 1082 1142 1143
f 1082 1143 1083
f 1083 1143 1144
f 1083 1144 1084
f 1084 1144 1145
f 1084 1145 1085
f 1085 1145 1146
f 1085 1146 1086
f 1086 1146 1147
f 1086 1147 1087
f 1087 1147 1148
f 1087 1148 1088
f 1088 1148 1149
f 1088 1149 1089
f 1089 1149 1150
f 1089 1150 1090
f 1090 1150 1151
f 1090 1151 1091
f 1091 1151 1152
f 1091 1152 1092
f 1092 1152 1153
f 1092 1153 1093
f 1093 1153 1094
f 1153 1154 1094
f 1094 1154 1095
f 1154 1155 1095
f 1095 1155 1096
f 1155 1156 1096
f 1096 1156 1097
f 1156 1157 1097
f 1097 1157 1098
f 1157 1158 1098
f 1098 1158 1099
f 1158 1159 1099
f 1099 1159 1100
f 1159 1160 1100
f 1100 1160 1101
f 1160 1161 1101
f 1101 1161 1102
f 1161 1162 1102
f 1102 1162 1103
f 1162 1163 1103
f 1103 1163 1104
f 1163 1164 1104
f 1104 1164 1105
f 1164 1165 1105
f 1105 1165 1106
f 1165 1166 1106
f 1106 1166 1107
f 1166 1167 1107
f 1107 1167 1048
f 1167 1108 1048
f 1108 1168 1169
f 1108 1169 1109
f 1109 1169 1170
f 1109 1170 1110
f 1110 1170 1171
f 1110 1171 1111
f 1111 1171 1172
f 1111 1172 1112
f 1112 1172 1173
f 1112 1173 1113
f 1113 1173 1174
f 1113 1174 1114
f 1114 1174 1175
f 1114 1175 1115
f 1115 1175 1176
f 1115 1176 1116
f 1116 1176 1177
f 1116 1177 1117
f 1117 1177 1178
f 1117 1178 1118
f 1118 1178 1179
f 1118 1179 1119
f 1119 1179 1180
f 1119 1180 1120
f 1120 1180 1181
f 1120 1181 1121
f 1121 1181 1182
f 1121 1182 1122
f 1122 1182 1183
f 1122 1183 1123
f 1123 1183 1124
f 1183 1184 1124
f 1124 1184 1125
f 1184 1185 1125
f 1125 1185 1126
f 1185 1186 1126
f 1126 1186 1127
f 1186 1187 1127
f 1127 1187 1128
f 1187 1188 1128
f 1128 1188 1129
f 1188 1189 1129
f 1129 1189 1130
f 1189 1190 1130
f 1130 1190 1131
f 1190 1191 1131
f 1131 1191 1132
f 1191 1192 1132
f 1132 1192 1133
f 1192 1193 1133
f 1133 1193 1134
f 1193 1194 1134
f 1134 1194 1135
f 1194 1195 1135
f 1135 1195 1136
f 1195 1196 1136
f 1136 1196 1137
f 1196 1197 1137
f 1137 1197 1138
f 1197 1198 1138
f 1138 1198 1199
f 1138 1199 1139
f 1139 1199 1200
f 1139 1200 1140
f 1140 1200 1201
f 1140 1201 1141
f 1141 1201 1202
f 1141 1202 1142
f 1142 1202 1203
f 1142 1203 1143
f 1143 1203 1204
f 1143 1204 1144
f 1144 1204 1205
f 1144 1205 1145
f 1145 1205 1206
f 1145 1206 1146
f 1146 1206 1207
f 1146 1207 1147
f 1147 1207 1208
f 1147 1208 1148
f 1148 1208 1209
f 1148 1209 1149
f 1149 1209 1210
f 1149 1210 1150
f 1150 1210 1211
f 1150 1211 1151
f 1151 1211 1212
f 1151 1212 1152
f 1152 1212 1213
f 1152 1213 1153
f 1153 1213 1154
f 1213 1214 1154
f 1154 1214 1155
f 1214 1215 1155
f 1155 1215 1156
f 1215 1216 1156
f 1156 1216 1157
f 1216 1217 1157
f 1157 1217 1158
f 1217 1218 1158
f 1158 1218 1159
f 1218 1219 1159
f 1159 1219 1160
f 1219 1220 1160
f 1160 1220 1161
f 1220 1221 1161
f 1161 1221 1162
f 1221 1222 1162
f 1162 1222 1163
f 1222 1223 1163
f 1163 1223 1164
f 1223 1224 1164
f 1164 1224 1165
f 1224 1225 1165
f 1165 1225 1166
f 1225 1226 1166
f 1166 1226 1167
f 1226 1227 1167
f 1167 1227 1108
f 1227 1168 1108
f 1168 1228 1229
f 1168 1229 1169
f 1169 1229 1230
f 1169 1230 1170
f 1170 1230 1231
f 1170 1231 1171
f 1171 1231 1232
f 1171 1232 1172
f 1172 1232 1233
f 1172 1233 1173
f 1173 1233 1234
f 1173 1234 1174
f 1174 1234 1235
f 1174 1235 1175
f 1175 1235 1236
f 1175 1236 1176
f 1176 1236 1237
f 1176 1237 1177
f 1177 1237 1238
f 1177 1238 1178
f 1178 1238 1239
f 1178 1239 1179
f 1179 1239 1240
f 1179 1240 1180
f 1180 1240 1241
f 1180 1241 1181
f 1181 1241 1242
f 1181 1242 1182
f 1182 1242 1243
f 1182 1243 1183
f 1183 1243 1184
f 1243 1244 1184
f 1184 1244 1185
f 1244 1245 1185
f 1185 1245 1186
f 1245 1246 1186
f 1186 1246 1187
f 1246 1247 1187
f 1187 1247 1188
f 1247 1248 1188
f 1188 1248 1189
f 1248 1249 1189
f 1189 1249 1190
f 1249 1250 1190
f 1190 1250 1191
f 1250 1251 1191
f 1191 1251 1192
f 1251 1252 1192
f 1192 1252 1193
f 1252 1253 1193
f 1193 1253 1194
f 1253 1254 1194
f 1194 1254 1195
f 1254 1255 1195
f 1195 1255 1196
f 1255 1256 1196
f 1196 1256 1197
f 1256 1257 1197
f 1197 1257 1198
f 1257 1258 1198
f 1198 1258 1259
f 1198 1259 1199
f 1199 1259 1260
f 1199 1260 1200
f 1200 1260 1261
f 1200 1261 1201
f 1201 1261 1262
f 1201 1262 1202
f 1202 1262 1263
f 1202 1263 1203
f 1203 1263 1264
f 1203 1264 1204
f 1204 1264 1265
f 1204 1265 1205
f 1205 1265 1266
f 1205 1266 1206
f 1206 1266 1267
f 1206 1267 1207
f 1207 1267 1268
f 1207 1268 1208
f 1208 1268 1269
f 1208 1269 1209
f 1209 1269 1270
f 1209 1270 1210
f 1210 1270 1271
f 1210 1271 1211
f 1211 1271 1272
f 1211 1272 1212
f 1212 1272 1273
f 1212 1273 1213
f 1213 1273 1214
f 1273 1274 1214
f 1214 1274 1215
f 1274 1275 1215
f 1215 1275 1216
f 1275 1276 1216
f 1216 1276 1217
f 1276 1277 1217
f 1217 1277 1218
f 1277 1278 1218
f 1218 1278 1219
f 1278 1279 1219
f 1219 1279 1220
f 1279 1280 1220
f 1220 1280 1221
f 1280 1281 1221
f 1221 1281 1222
f 1281 1282 1222
f 1222 1282 1223
f 1282 1283 1223
f 1223 1283 1224
f 1283 1284 1224
f 1224 1284 1225
f 1284 1285 1225
f 1225 1285 1226
f 1285 1286 1226
f 1226 1286 1227
f 1286 1287 1227
f 1227 1287 1168
f 1287 1228 1168
f 1228 1288 1289
f 1228 1289 1229
f 1229 1289 1290
f 1229 1290 1230
f 1230 1290 1291
f 1230 1291 1231
f 1231 1291 1292
f 1231 1292 1232
f 1232 1292 1293
f 1232 1293 1233
f 1233 1293 1294
f 1233 1294 1234
f 1234 1294 1295
f 1234 1295 1235
f 1235 1295 1296
f 1235 1296 1236
f 1236 1296 1297
f 1236 1297 1237
f 1237 1297 1298
f 1237 1298 1238
f 1238 1298 1299
f 1238 1299 1239
f 1239 1299 1300
f 1239 1300 1240
f 1240 1300 1301
f 1240 1301 1241
f 1241 1301 1302
f 1241 1302 1242
f 1242 1302 1303
f 1242 1303 1243
f 1243 1303 1244
f 1303 1304 1244
f 1244 1304 1245
f 1304 1305 1245
f 1245 1305 1246
f 1305 1306 1246
f 1246 1306 1247
f 1306 1307 1247
f 1247 1307 1248
f 1307 1308 1248
f 1248 1308 1249
f 1308 1309 1249
f 1249 1309 1250
f 1309 1310 1250
f 1250 1310 1251
f 1310 1311 1251
f 1251 1311 1252
f 1311 1312 1252
f 1252 1312 1253
f 1312 1313 1253
f 1253 1313 1254
f 1313 1314 1254
f 1254 1314 1255
f 1314 1315 1255
f 1255 1315 1256
f 1315 1316 1256
f 1256 1316 1257
f 1316 1317 1257
f 1257 1317 1258
f 1317 1318 1258
f 1258 1318 1319
f 1258 1319 1259
f 1259 1319 1320
f 1259 1320 1260
f 1260 1320 1321
f 1260 1321 1261
f 1261 1321 1322
f 1261 1322 1262
f 1262 1322 1323
f 1262 1323 1263
f 1263 1323 1324
f 1263 1324 1264
f 1264 1324 1325
f 1264 1325 1265
f 1265 1325 1326
f 1265 1326 1266
f 1266 1326 1327
f 1266 1327 1267
f 1267 1327 1328
f 1267 1328 1268
f 1268 1328 1329
f 1268 1329 1269
f 1269 1329 1330
f 1269 1330 1270
f 1270 1330 1331
f 1270 1331 1271
f 1271 1331 1332
f 1271 1332 1272
f 1272 1332 1333
f 1272 1333 1273
f 1273 1333 1274
f 1333 1334 1274
f 1274 1334 1275
f 1334 1335 1275
f 1275 1335 1276
f 1335 1336 1276
f 1276 1336 1277
f 1336 1337 1277
f 1277 1337 1278
f 1337 1338 1278
f 1278 1338 1279
f 1338 1339 1279
f 1279 1339 1280
f 1339 1340 1280
f 1280 1340 1281
f 1340 1341 1281
f 1281 1341 1282
f 1341 1342 1282
f 1282 1342 1283
f 1342 1343 1283
f 1283 1343 1284
f 1343 1344 1284
f 1284 1344 1285
f 1344 1345 1285
f 1285 1345 1286
f 1345 1346 1286
f 1286 1346 1287
f 1346 1347 1287
f 1287 1347 1228
f 1347 1288 1228
f 1288 1348 1349
f 1288 1349 1289
f 1289 1349 1350
f 1289 1350 1290
f 1290 1350 1351
f 1290 1351 1291
f 1291 1351 1352
f 1291 1352 1292
f 1292 1352 1353
f 1292 1353 1293
f 1293 1353 1354
f 1293 1354 1294
f 1294 1354 1355
f 1294 1355 1295
f 1295 1355 1356
f 1295 1356 1296
f 1296 1356 1357
f 1296 1357 1297
f 1297 1357 1358
f 1297 1358 1298
f 1298 1358 1359
f 1298 1359 1299
f 1299 1359 1360
f 1299 1360 1300
f 1300 1360 1361
f 1300 1361 1301
f 1301 1361 1362
f 1301 1362 1302
f 1302 1362 1363
f 1302 1363 1303
f 1303 1363 1304
f 1363 1364 1304
f 1304 1364 1305
f 1364 1365 1305
f 1305 1365 1306
f 1365 1366 1306
f 1306 1366 1307
f 1366 1367 1307
f 1307 1367 1308
f 1367 1368 1308
f 1308 1368 1309
f 1368 1369 1309
f 1309 1369 1310
f 1369 1370 1310
f 1310 1370 1311
f 1370 1371 1311
f 1311 1371 1312
f 1371 1372 1312
f 1312 1372 1313
f 1372 1373 1313
f 1313 1373 1314
f 1373 1374 1314
f 1314 1374 1315
f 1374 1375 1315
f 1315 1375 1316
f 1375 1376 1316
f 1316 1376 1317
f 1376 1377 1317
f 1317 1377 1318
f 1377 1378 1318
f 1318 1378 1379
f 1318 1379 1319
f 1319 1379 1380
f 1319 1380 1320
f 1320 1380 1381
f 1320 1381 1321
f 1321 1381 1382
f 1321 1382 1322
f 1322 1382 1383
f 1322 1383 1323
f 1323 1383 1384
f 1323 1384 1324
f 1324 1384 1385
f 1324 1385 1325
f 1325 1385 1386
f 1325 1386 1326
f 1326 1386 1387
f 1326 1387 1327
f 1327 1387 1388
f 1327 1388 1328
f 1328 1388 1389
f 1328 1389 1329
f 1329 1389 1390
f 1329 1390 1330
f 1330 1390 1391
f 1330 1391 1331
f 1331 1391 1392
f 1331 1392 1332
f 1332 1392 1393
f 1332 1393 1333
f 1333 1393 1334
f 1393 1394 1334
f 1334 1394 1335
f 1394 1395 1335
f 1335 1395 1336
f 1395 1396 1336
f 1336 1396 1337
f 1396 1397 1337
f 1337 1397 1338
f 1397 1398 1338
f 1338 1398 1339
f 1398 1399 1339
f 1339 1399 1340
f 1399 1400 1340
f 1340 1400 1341
f 1400 1401 1341
f 1341 1401 1342
f 1401 1402 1342
f 1342 1402 1343
f 1402 1403 1343
f 1343 1403 1344
f 1403 1404 1344
f 1344 1404 1345
f 1404 1405 1345
f 1345 1405 1346
f 1405 1406 1346
f 1346 1406 1347
f 1406 1407 1347
f 1347 1407 1288
f 1407 1348 1288
f 1348 1408 1409
f 1348 1409 1349
f 1349 1409 1410
f 1349 1410 1350
f 1350 1410 1411
f 1350 1411 1351
f 1351 1411 1412
f 1351 1412 1352
f 1352 1412 1413
f 1352 1413 1353
f 1353 1413 1414
f 1353 1414 1354
f 1354 1414 1415
f 1354 1415 1355
f 1355 1415 1416
f 1355 1416 1356
f 1356 1416 1417
f 1356 1417 1357
f 1357 1417 1418
f 1357 1418 1358
f 1358 1418 1419
f 1358 1419 1359
f 1359 1419 1420
f 1359 1420 1360
f 1360 1420 1421
f 1360 1421 1361
f 1361 1421 1422
f 1361 1422 1362
f 1362 1422 1423
f 1362 1423 1363
f 1363 1423 1364
f 1423 1424 1364
f 1364 1424 1365
f 1424 1425 1365
f 1365 1425 1366
f 1425 1426 1366
f 1366 1426 1367
f 1426 1427 1367
f 1367 1427 1368
f 1427 1428 1368
f 1368 1428 1369
f 1428 1429 1369
f 1369 1429 1370
f 1429 1430 1370
f 1370 1430 1371
f 1430 1431 1371
f 1371 1431 1372
f 1431 1432 1372
f 1372 1432 1373
f 1432 1433 1373
f 1373 1433 1374
f 1433 1434 1374
f 1374 1434 1375
f 1434 1435 1375
f 1375 1435 1376
f 1435 1436 1376
f 1376 1436 1377
f 1436 1437 1377
f 1377 1437 1378
f 1437 1438 1378
f 1378 1438 1439
f 1378 1439 1379
f 1379 1439 1440
f 1379 1440 1380
f 1380 1440 1441
f 1380 1441 1381
f 1381 1441 1442
f 1381 1442 1382
f 1382 1442 1443
f 1382 1443 1383
f 1383 1443 1444
f 1383 1444 1384
f 1384 1444 1445
f 1384 1445 1385
f 1385 1445 1446
f 1385 1446 1386
f 1386 1446 1447
f 1386 1447 1387
f 1387 1447 1448
f 1387 1448 1388
f 1388 1448 1449
f 1388 1449 1389
f 1389 1449 1450
f 1389 1450 1390
f 1390 1450 1451
f 1390 1451 1391
f 1391 1451 1452
f 1391 1452 1392
f 1392 1452 1453
f 1392 1453 1393
f 1393 1453 1394
f 1453 1454 1394
f 1394 1454 1395
f 1454 1455 1395
f 1395 1455 1396
f 1455 1456 1396
f 1396 1456 1397
f 1456 1457 1397
f 1397 1457 1398
f 1457 1458 1398
f 1398 1458 1399
f 1458 1459 1399
f 1399 1459 1400
f 1459 1460 1400
f 1400 1460 1401
f 1460 1461 1401
f 1401 1461 1402
f 1461 1462 1402
f 1402 1462 1403
f 1462 1463 1403
f 1403 1463 1404
f 1463 1464 1404
f 1404 1464 1405
f 1464 1465 1405
f 1405 1465 1406
f 1465 1466 1406
f 1406 1466 1407
f 1466 1467 1407
f 1407 1467 1348
f 1467 1408 1348
f 1408 1468 1469
f 1408 1469 1409
f 1409 1469 1470
f 1409 1470 1410
f 1410 1470 1471
f 1410 1471 1411
f 1411 1471 1472
f 1411 1472 1412
f 1412 1472 1473
f 1412 1473 1413
f 1413 1473 1474
f 1413 1474 1414
f 1414 1474 1475
f 1414 1475 1415
f 1415 1475 1476
f 1415 1476 1416
f 1416 1476 1477
f 1416 1477 1417
f 1417 1477 1478
f 1417 1478 1418
f 1418 1478 1479
f 1418 1479 1419
f 1419 1479 1480
f 1419 1480 1420
f 1420 1480 1481
f 1420 1481 1421
f 1421 1481 1482
f 1421 1482 1422
f 1422 1482 1483
f 1422 1483 1423
f 1423 1483 1424
f 1483 1484 1424
f 1424 1484 1425
f 1484 1485 1425
f 1425 1485 1426
f 1485 1486 1426
f 1426 1486 1427
f 1486 1487 1427
f 1427 1487 1428
f 1487 1488 1428
f 1428 1488 1429
f 1488 1489 1429
f 1429 1489 1430
f 1489 1490 1430
f 1430 1490 1431
f 1490 1491 1431
f 1431 1491 1432
f 1491 1492 1432
f 1432 1492 1433
f 1492 1493 1433
f 1433 1493 1434
f 1493 1494 1434
f 1434 1494 1435
f 1494 1495 1435
f 1435 1495 1436
f 1495 1496 1436
f 1436 1496 1437
f 1496 1497 1437
f 1437 1497 1438
f 1497 1498 1438
f 1438 1498 1499
f 1438 1499 1439
f 1439 1499 1500
f 1439 1500 1440
f 1440 1500 1501
f 1440 1501 1441
f 1441 1501 1502
f 1441 1502 1442
f 1442 1502 1503
f 1442 1503 1443
f 1443 1503 1504
f 1443 1504 1444
f 1444 1504 1505
f 1444 1505 1445
f 1445 1505 1506
f 1445 1506 1446
f 1446 1506 1507
f 1446 1507 1447
f 1447 1507 1508
f 1447 1508 1448
f 1448 1508 1509
f 1448 1509 1449
f 1449 1509 1510
f 1449 1510 1450
f 1450 1510 1511
f 1450 1511 1451
f 1451 1511 1512
f 1451 1512 1452
f 1452 1512 1513
f 1452 1513 1453
f 1453 1513 1454
f 1513 1514 1454
f 1454 1514 1455
f 1514 1515 1455
f 1455 1515 1456
f 1515 1516 1456
f 1456 1516 1457
f 1516 1517 1457
f 1457 1517 1458
f 1517 1518 1458
f 1458 1518 1459
f 1518 1519 1459
f 1459 1519 1460
f 1519 1520 1460
f 1460 1520 1461
f 1520 1521 1461
f 1461 1521 1462
f 1521 1522 1462
f 1462 1522 1463
f 1522 1523 1463
f 1463 1523 1464
f 1523 1524 1464
f 1464 1524 1465
f 1524 1525 1465
f 1465 1525 1466
f 1525 1526 1466
f 1466 1526 1467
f 1526 1527 1467
f 1467 1527 1408
f 1527 1468 1408
f 1468 1528 1529
f 1468 1529 1469
f 1469 1529 1530
f 1469 1530 1470
f 1470 1530 1531
f 1470 1531 1471
f 1471 1531 1532
f 1471 1532 1472
f 1472 1532 1533
f 1472 1533 1473
f 1473 1533 1534
f 1473 1534 1474
f 1474 1534 1535
f 1474 1535 1475
f 1475 1535 1536
f 1475 1536 1476
f 1476 1536 1537
f 1476 1537 1477
f 1477 1537 1538
f 1477 1538 1478
f 1478 1538 1539
f 1478 1539 1479
f 1479 1539 1540
f 1479 1540 1480
f 1480 1540 1541
f 1480 1541 1481
f 1481 1541 1542
f 1481 1542 1482
f 1482 1542 1543
f 1482 1543 1483
f 1483 1543 1484
f 1543 1544 1484
f 1484 1544 1485
f 1544 1545 1485
f 1485 1545 1486
f 1545 1546 1486
f 1486 1546 1487
f 1546 1547 1487
f 1487 1547 1488
f 1547 1548 1488
f 1488 1548 1489
f 1548 1549 1489
f 1489 1549 1490
f 1549 1550 1490
f 1490 1550 1491
f 1550 1551 1491
f 1491 1551 1492
f 1551 1552 1492
f 1492 1552 1493
f 1552 1553 1493
f 1493 1553 1494
f 1553 1554 1494
f 1494 1554 1495
f 1554 1555 1495
f 1495 1555 1496
f 1555 1556 1496
f 1496 1556 1497
f 1556 1557 1497
f 1497 1557 1498
f 1557 1558 1498
f 1498 1558 1559
f 1498 1559 1499
f 1499 1559 1560
f 1499 1560 1500
f 1500 1560 1561
f 1500 1561 1501
f 1501 1561 1562
f 1501 1562 1502
f 1502 1562 1563
f 1502 1563 1503
f 1503 1563 1564
f 1503 1564 1504
f 1504 1564 1565
f 1504 1565 1505
f 1505 1565 1566
f 1505 1566 1506
f 1506 1566 1567
f 1506 1567 1507
f 1507 1567 1568
f 1507 1568 1508
f 1508 1568 1569
f 1508 1569 1509
f 1509 1569 1570
f 1509 1570 1510
f 1510 1570 1571
f 1510 1571 1511
f 1511 1571 1572
f 1511 1572 1512
f 1512 1572 1573
f 1512 1573 1513
f 1513 1573 1514
f 1573 1574 1514
f 1514 1574 1515
f 1574 1575 1515
f 1515 1575 1516
f 1575 1576 1516
f 1516 1576 1517
f 1576 1577 1517
f 1517 1577 1518
f 1577 1578 1518
f 1518 1578 1519
f 1578 1579 1519
f 1519 1579 1520
f 1579 1580 1520
f 1520 1580 1521
f 1580 1581 1521
f 1521 1581 1522
f 1581 1582 1522
f 1522 1582 1523
f 1582 1583 1523
f 1523 1583 1524
f 1583 1584 1524
f 1524 1584 1525
f 1584 1585 1525
f 1525 1585 1526
f 1585 1586 1526
f 1526 1586 1527
f 1586 1587 1527
f 1527 1587 1468
f 1587 1528 1468
f 1528 1588 1589
f 1528 1589 1529
f 1529 1589 1590
f 1529 1590 1530
f 1530 1590 1591
f 1530 1591 1531
f 1531 1591 1592
f 1531 1592 1532
f 1532 1592 1593
f 1532 1593 1533
f 1533 1593 1594
f 1533 1594 1534
f 1534 1594 1595
f 1534 1595 1535
f 1535 1595 1596
f 1535 1596 1536
f 1536 1596 1597
f 1536 1597 1537
f 1537 1597 1598
f 1537 1598 1538
f 1538 1598 1599
f 1538 1599 1539
f 1539 1599 1600
f 1539 1600 1540
f 1540 1600 1601
f 1540 1601 1541
f 1541 1601 1602
f 1541 1602 1542
f 1542 1602 1603
f 1542 1603 1543
f 1543 1603 1544
f 1603 1604 1544
f 1544 1604 1545
f 1604 1605 1545
f 1545 1605 1546
f 1605 1606 1546
f 1546 1606 1547
f 1606 1607 1547
f 1547 1607 1548
f 1607 1608 1548
f 1548 1608 1549
f 1608 1609 1549
f 1549 1609 1550
f 1609 1610 1550
f 1550 1610 1551
f 1610 1611 1551
f 1551 1611 1552
f 1611 1612 1552
f 1552 1612 1553
f 1612 1613 1553
f 1553 1613 1554
f 1613 1614 1554
f 1554 1614 1555
f 1614 1615 1555
f 1555 1615 1556
f 1615 1616 1556
f 1556 1616 1557
f 1616 1617 1557
f 1557 1617 1558
f 1617 1618 1558
f 1558 1618 1619
f 1558 1619 1559
f 1559 1619 1620
f 1559 1620 1560
f 1560 1620 1621
f 1560 1621 1561
f 1561 1621 1622
f 1561 1622 1562
f 1562 1622 1623
f 1562 1623 1563
f 1563 1623 1624
f 1563 1624 1564
f 1564 1624 1625
f 1564 1625 1565
f 1565 1625 1626
f 1565 1626 1566
f 1566 1626 1627
f 1566 1627 1567
f 1567 1627 1628
f 1567 1628 1568
f 1568 1628 1629
f 1568 1629 1569
f 1569 1629 1630
f 1569 1630 1570
f 1570 1630 1631
f 1570 1631 1571
f 1571 1631 1632
f 1571 1632 1572
f 1572 1632 1633
f 1572 1633 1573
f 1573 1633 1574
f 1633 1634 1574
f 1574 1634 1575
f 1634 1635 1575
f 1575 1635 1576
f 1635 1636 1576
f 1576 1636 1577
f 1636 1637 1577
f 1577 1637 1578
f 1637 1638 1578
f 1578 1638 1579
f 1638 1639 1579
f 1579 1639 1580
f 1639 1640 1580
f 1580 1640 1581
f 1640 1641 1581
f 1581 1641 1582
f 1641 1642 1582
f 1582 1642 1583
f 1642 1643 1583
f 1583 1643 1584
f 1643 1644 1584
f 1584 1644 1585
f 1644 1645 1585
f 1585 1645 1586
f 1645 1646 1586
f 1586 1646 1587
f 1646 1647 1587
f 1587 1647 1528
f 1647 1588 1528
f 1588 1648 1649
f 1588 1649 1589
f 1589 1649 1650
f 1589 1650 1590
f 1590 1650 1651
f 1590 1651 1591
f 1591 1651 1652
f 1591 1652 1592
f 1592 1652 1653
f 1592 1653 1593
f 1593 1653 1654
f 1593 1654 1594
f 1594 1654 1655
f 1594 1655 1595
f 1595 1655 1656
f 1595 1656 1596
f 1596 1656 1657
f 1596 1657 1597
f 1597 1657 1658
f 1597 1658 1598
f 1598 1658 1659
f 1598 1659 1599
f 1599 1659 1660
f 1599 1660 1600
f 1600 1660 1661
f 1600 1661 1601
f 1601 1661 1662
f 1601 1662 1602
f 1602 1662 1663
f 1602 1663 1603
f 1603 1663 1604
f 1663 1664 1604
f 1604 1664 1605
f 1664 1665 1605
f 1605 1665 1606
f 1665 1666 1606
f 1606 1666 1607
f 1666 1667 1607
f 1607 1667 1608
f 1667 1668 1608
f 1608 1668 1609
f 1668 1669 1609
f 1609 1669 1610
f 1669 1670 1610
f 1610 1670 1611
f 1670 1671 1611
f 1611 1671 1612
f 1671 1672 1612
f 1612 1672 1613
f 1672 1673 1613
f 1613 1673 1614
f 1673 1674 1614
f 1614 1674 1615
f 1674 1675 1615
f 1615 1675 1616
f 1675 1676 1616
f 1616 1676 1617
f 1676 1677 1617
f 1617 1677 1618
f 1677 1678 1618
f 1618 1678 1679
f 1618 1679 1619
f 1619 1679 1680
f 1619 1680 1620
f 1620 1680 1681
f 1620 1681 1621
f 1621 1681 1682
f 1621 1682 1622
f 1622 1682 1683
f 1622 1683 1623
f 1623 1683 1684
f 1623 1684 1624
f 1624 1684 1685
f 1624 1685 1625
f 1625 1685 1686
f 1625 1686 1626
f 1626 1686 1687
f 1626 1687 1627
f 1627 1687 1688
f 1627 1688 1628
f 1628 1688 1689
f 1628 1689 1629
f 1629 1689 1690
f 1629 1690 1630
f 1630 1690 1691
f 1630 1691 1631
f 1631 1691 1692
f 1631 1692 1632
f 1632 1692 1693
f 1632 1693 1633
f 1633 1693 1634
f 1693 1694 1634
f 1634 1694 1635
f 1694 1695 1635
f 1635 1695 1636
f 1695 1696 1636
f 1636 1696 1637
f 1696 1697 1637
f 1637 1697 1638
f 1697 1698 1638
f 1638 1698 1639
f 1698 1699 1639
f 1639 1699 1640
f 1699 1700 1640
f 1640 1700 1641
f 1700 1701 1641
f 1641 1701 1642
f 1701 1702 1642
f 1642 1702 1643
f 1702 1703 1643
f 1643 1703 1644
f 1703 1704 1644
f 1644 1704 1645
f 1704 1705 1645
f 1645 1705 1646
f 1705 1706 1646
f 1646 1706 1647
f 1706 1707 1647
f 1647 1707 1588
f 1707 1648 1588
f 1648 1708 1709
f 1648 1709 1649
f 1649 1709 1710
f 1649 1710 1650
f 1650 1710 1711
f 1650 1711 1651
f 1651 1711 1712
f 1651 1712 1652
f 1652 1712 1713
f 1652 1713 1653
f 1653 1713 1714
f 1653 1714 1654
f 1654 1714 1715
f 1654 1715 1655
f 1655 1715 1716
f 1655 1716 1656
f 1656 1716 1717
f 1656 1717 1657
f 1657 1717 1718
f 1657 1718 1658
f 1658 1718 1719
f 1658 1719 1659
f 1659 1719 1720
f 1659 1720 1660
f 1660 1720 1721
f 1660 1721 1661
f 1661 1721 1722
f 1661 1722 1662
f 1662 1722 1723
f 1662 1723 1663
f 1663 1723 1664
f 1723 1724 1664
f 1664 1724 1665
f 1724 1725 1665
f 1665 1725 1666
f 1725 1726 1666
f 1666 1726 1667
f 1726 1727 1667
f 1667 1727 1668
f 1727 1728 1668
f 1668 1728 1669
f 1728 1729 1669
f 1669 1729 1670
f 1729 1730 1670
f 1670 1730 1671
f 1730 1731 1671
f 1671 1731 1672
f 1731 1732 1672
f 1672 1732 1673
f 1732 1733 1673
f 1673 1733 1674
f 1733 1734 1674
f 1674 1734 1675
f 1734 1735 1675
f 1675 1735 1676
f 1735 1736 1676
f 1676 1736 1677
f 1736 1737 1677
f 1677 1737 1678
f 1737 1738 1678
f 1678 1738 1739
f 1678 1739 1679
f 1679 1739 1740
f 1679 1740 1680
f 1680 1740 1741
f 1680 1741 1681
f 1681 1741 1742
f 1681 1742 1682
f 1682 1742 1743
f 1682 1743 1683
f 1683 1743 1744
f 1683 1744 1684
f 1684 1744 1745
f 1684 1745 1685
f 1685 1745 1746
f 1685 1746 1686
f 1686 1746 1747
f 1686 1747 1687
f 1687 1747 1748
f 1687 1748 1688
f 1688 1748 1749
f 1688 1749 1689
f 1689 1749 1750
f 1689 1750 1690
f 1690 1750 1751
f 1690 1751 1691
f 1691 1751 1752
f 1691 1752 1692
f 1692 1752 1753
f 1692 1753 1693
f 1693 1753 1694
f 1753 1754 1694
f 1694 1754 1695
f 1754 1755 1695
f 1695 1755 1696
f 1755 1756 1696
f 1696 1756 1697
f 1756 1757 1697
f 1697 1757 1698
f 1757 1758 1698
f 1698 1758 1699
f 1758 1759 1699
f 1699 1759 1700
f 1759 1760 1700
f 1700 1760 1701
f 1760 1761 1701
f 1701 1761 1702
f 1761 1762 1702
f 1702 1762 1703
f 1762 1763 1703
f 1703 1763 1704
f 1763 1764 1704
f 1704 1764 1705
f 1764 1765 1705
f 1705 1765 1706
f 1765 1766 1706
f 1706 1766 1707
f 1766 1767 1707
f 1707 1767 1648
f 1767 1708 1648
f 1708 1768 1769
f 1708 1769 1709
f 1709 1769 1770
f 1709 1770 1710
f 1710 1770 1771
f 1710 1771 1711
f 1711 1771 1772
f 1711 1772 1712
f 1712 1772 1773
f 1712 1773 1713
f 1713 1773 1774
f 1713 1774 1714
f 1714 1774 1775
f 1714 1775 1715
f 1715 1775 1776
f 1715 1776 1716
f 1716 1776 1777
f 1716 1777 1717
f 1717 1777 1778
f 1717 1778 1718
f 1718 1778 1779
f 1718 1779 1719
f 1719 1779 1780
f 1719 1780 1720
f 1720 1780 1781
f 1720 1781 1721
f 1721 1781 1782
f 1721 1782 1722
f 1722 1782 1783
f 1722 1783 1723
f 1723 1783 1724
f 1783 1784 1724
f 1724 1784 1725
f 1784 1785 1725
f 1725 1785 1726
f 1785 1786 1726
f 1726 1786 1727
f 1786 1787 1727
f 1727 1787 1728
f 1787 1788 1728
f 1728 1788 1729
f 1788 1789 1729
f 1729 1789 1730
f 1789 1790 1730
f 1730 1790 1731
f 1790 1791 1731
f 1731 1791 1732
f 1791 1792 1732
f 1732 1792 1733
f 1792 1793 1733
f 1733 1793 1734
f 1793 1794 1734
f 1734 1794 1735
f 1794 1795 1735
f 1735 1795 1736
f 1795 1796 1736
f 1736 1796 1737
f 1796 1797 1737
f 1737 1797 1738
f 1797 1798 1738
f 1738 1798 1799
f 1738 1799 1739
f 1739 1799 1800
f 1739 1800 1740
f 1740 1800 1801
f 1740 1801 1741
f 1741 1801 1802
f 1741 1802 1742
f 1742 1802 1803
f 1742 1803 1743
f 1743 1803 1804
f 1743 1804 1744
f 1744 1804 1805
f 1744 1805 1745
f 1745 1805 1806
f 1745 1806 1746
f 1746 1806 1807
f 1746 1807 1747
f 1747 1807 1808
f 1747 1808 1748
f 1748 1808 1809
f 1748 1809 1749
f 1749 1809 1810
f 1749 1810 1750
f 1750 1810 1811
f 1750 1811 1751
f 1751 1811 1812
f 1751 1812 1752
f 1752 1812 1813
f 1752 1813 1753
f 1753 1813 1754
f 1813 1814 1754
f 1754 1814 1755
f 1814 1815 1755
f 1755 1815 1756
f 1815 1816 1756
f 1756 1816 1757
f 1816 1817 1757
f 1757 1817 1758
f 1817 1818 1758
f 1758 1818 1759
f 1818 1819 1759
f 1759 1819 1760
f 1819 1820 1760
f 1760 1820 1761
f 1820 1821 1761
f 1761 1821 1762
f 1821 1822 1762
f 1762 1822 1763
f 1822 1823 1763
f 1763 1823 1764
f 1823 1824 1764
f 1764 1824 1765
f 1824 1825 1765
f 1765 1825 1766
f 1825 1826 1766
f 1766 1826 1767
f 1826 1827 1767
f 1767 1827 1708
f 1827 1768 1708
f 1768 1828 1769
f 1769 1828 1829
f 1769 1829 1770
f 1770 1829 1830
f 1770 1830 1771
f 1771 1830 1831
f 1771 1831 1772
f 1772 1831 1832
f 1772 1832 1773
f 1773 1832 1833
f 1773 1833 1774
f 1774 1833 1834
f 1774 1834 1775
f 1775 1834 1835
f 1775 1835 1776
f 1776 1835 1836
f 1776 1836 1777
f 1777 1836 1837
f 1777 1837 1778
f 1778 1837 1838
f 1778 1838 1779
f 1779 1838 1839
f 1779 1839 1780
f 1780 1839 1840
f 1780 1840 1781
f 1781 1840 1841
f 1781 1841 1782
f 1782 1841 1842
f 1782 1842 1783
f 1783 1842 1784
f 1842 1843 1784
f 1784 1843 1785
f 1843 1844 1785
f 1785 1844 1786
f 1844 1845 1786
f 1786 1845 1787
f 1845 1846 1787
f 1787 1846 1788
f 1846 1847 1788
f 1788 1847 1789
f 1847 1848 1789
f 1789 1848 1790
f 1848 1849 1790
f 1790 1849 1791
f 1849 1850 1791
f 1791 1850 1792
f 1850 1851 1792
f 1792 1851 1793
f 1851 1852 1793
f 1793 1852 1794
f 1852 1853 1794
f 1794 1853 1795
f 1853 1854 1795
f 1795 1854 1796
f 1854 1855 1796
f 1796 1855 1797
f 1855 1856 1797
f 1797 1856 1798
f 1798 1857 1799
f 1799 1857 1858
f 1799 1858 1800
f 1800 1858 1859
f 1800 1859 1801
f 1801 1859 1860
f 1801 1860 1802
f 1802 1860 1861
f 1802 1861 1803
f 1803 1861 1862
f 1803 1862 1804
f 1804 1862 1863
f 1804 1863 1805
f 1805 1863 1864
f 1805 1864 1806
f 1806 1864 1865
f 1806 1865 1807
f 1807 1865 1866
f 1807 1866 1808
f 1808 1866 1867
f 1808 1867 1809
f 1809 1867 1868
f 1809 1868 1810
f 1810 1868 1869
f 1810 1869 1811
f 1811 1869 1870
f 1811 1870 1812
f 1812 1870 1871
f 1812 1871 1813
f 1813 1871 1814
f 1871 1872 1814
f 1814 1872 1815
f 1872 1873 1815
f 1815 1873 1816
f 1873 1874 1816
f 1816 1874 1817
f 1874 1875 1817
f 1817 1875 1818
f 1875 1876 1818
f 1818 1876 1819
f 1876 1877 1819
f 1819 1877 1820
f 1877 1878 1820
f 1820 1878 1821
f 1878 1879 1821
f 1821 1879 1822
f 1879 1880 1822
f 1822 1880 1823
f 1880 1881 1823
f 1823 1881 1824
f 1881 1882 1824
f 1824 1882 1825
f 1882 1883 1825
f 1825 1883 1826
f 1883 1884 1826
f 1826 1884 1827
f 1884 1885 1827
f 1827 1885 1768
f 1768 1886 1828
f 1828 1886 1887
f 1828 1887 1829
f 1829 1887 1888
f 1829 1888 1830
f 1830 1888 1889
f 1830 1889 1831
f 1831 1889 1890
f 1831 1890 1832
f 1832 1890 1891
f 1832 1891 1833
f 1833 1891 1892
f 1833 1892 1834
f 1834 1892 1893
f 1834 1893 1835
f 1835 1893 1894
f 1835 1894 1836
f 1836 1894 1895
f 1836 1895 1837
f 1837 1895 1896
f 1837 1896 1838
f 1838 1896 1897
f 1838 1897 1839
f 1839 1897 1898
f 1839 1898 1840
f 1840 1898 1899
f 1840 1899 1841
f 1841 1899 1900
f 1841 1900 1842
f 1842 1900 1843
f 1900 1901 1843
f 1843 1901 1844
f 1901 1902 1844
f 1844 1902 1845
f 1902 1903 1845
f 1845 1903 1846
f 1903 1904 1846
f 1846 1904 1847
f 1904 1905 1847
f 1847 1905 1848
f 1905 1906 1848
f 1848 1906 1849
f 1906 1907 1849
f 1849 1907 1850
f 1907 1908 1850
f 1850 1908 1851
f 1908 1909 1851
f 1851 1909 1852
f 1909 1910 1852
f 1852 1910 1853
f 1910 1911 1853
f 1853 1911 1854
f 1911 1912 1854
f 1854 1912 1855
f 1912 1913 1855
f 1855 1913 1856
f 1913 1914 1856
f 1856 1914 1798
f 1798 1914 1857
f 1857 1914 1913
f 1857 1913 1858
f 1858 1913 1912
f 1858 1912 1859
f 1859 1912 1911
f 1859 1911 1860
f 1860 1911 1910
f 1860 1910 1861
f 1861 1910 1909
f 1861 1909 1862
f 1862 1909 1908
f 1862 1908 1863
f 1863 1908 1907
f 1863 1907 1864
f 1864 1907 1906
f 1864 1906 1865
f 1865 1906 1905
f 1865 1905 1866
f 1866 1905 1904
f 1866 1904 1867
f 1867 1904 1903
f 1867 1903 1868
f 1868 1903 1902
f 1868 1902 1869
f 1869 1902 1901
f 1869 1901 1870
f 1870 1901 1900
f 1870 1900 1871
f 1871 1900 1872
f 1900 1899 1872
f 1872 1899 1873
f 1899 1898 1873
f 1873 1898 1874
f 1898 1897 1874
f 1874 1897 1875
f 1897 1896 1875
f 1875 1896 1876
f 1896 1895 1876
f 1876 1895 1877
f 1895 1894 1877
f 1877 1894 1878
f 1894 1893 1878
f 1878 1893 1879
f 1893 1892 1879
f 1879 1892 1880
f 1892 1891 1880
f 1880 1891 1881
f 1891 1890 1881
f 1881 1890 1882
f 1890 1889 1882
f 1882 1889 1883
f 1889 1888 1883
f 1883 1888 1884
f 1888 1887 1884
f 1884 1887 1885
f 1887 1886 1885
f 1885 1886 1768
f 1915 1916 1917
f 1915 1918 1916
f 1918 1919 1916
f 1918 1920 1919
f 1920 1921 1919
f 1920 1922 1921
f 1922 1923 1921
f 1921 1923 1924
f 1923 1925 1924
f 1924 1925 1926
f 1925 1927 1926
f 1926 1927 1928
f 1927 1929 1928
f 1927 1930 1929
f 1930 1931 1929
f 1930 1932 1931
f 1932 1933 1931
f 1932 1934 1933
f 1934 1935 1933
f 1933 1935 1936
f 1935 1937 1936
f 1936 1937 1938
f 1937 1915 1938
f 1938 1915 1917
f 1917 1939 1940
f 1917 1916 1939
f 1916 1941 1939
f 1916 1919 1941
f 1919 1942 1941
f 1919 1921 1942
f 1921 1924 1942
f 1942 1924 1943
f 1924 1926 1943
f 1943 1926 1944
f 1926 1928 1944
f 1944 1928 1945
f 1928 1946 1945
f 1928 1929 1946
f 1929 1947 1946
f 1929 1931 1947
f 1931 1948 1947
f 1931 1933 1948
f 1933 1936 1948
f 1948 1936 1949
f 1936 1938 1949
f 1949 1938 1950
f 1938 1917 1950
f 1950 1917 1940
f 1940 1951 1952
f 1940 1939 1951
f 1939 1953 1951
f 1939 1941 1953
f 1941 1954 1953
f 1941 1942 1954
f 1942 1943 1954
f 1954 1943 1955
f 1943 1944 1955
f 1955 1944 1956
f 1944 1945 1956
f 1956 1945 1957
f 1945 1958 1957
f 1945 1946 1958
f 1946 1959 1958
f 1946 1947 1959
f 1947 1960 1959
f 1947 1948 1960
f 1948 1949 1960
f 1960 1949 1961
f 1949 1950 1961
f 1961 1950 1962
f 1950 1940 1962
f 1962 1940 1952
f 1952 1963 1964
f 1952 1951 1963
f 1951 1965 1963
f 1951 1953 1965
f 1953 1966 1965
f 1953 1954 1966
f 1954 1955 1966
f 1966 1955 1967
f 1955 1956 1967
f 1967 1956 1968
f 1956 1957 1968
f 1968 1957 1969
f 1957 1970 1969
f 1957 1958 1970
f 1958 1971 1970
f 1958 1959 1971
f 1959 1972 1971
f 1959 1960 1972
f 1960 1961 1972
f 1972 1961 1973
f 1961 1962 1973
f 1973 1962 1974
f 1962 1952 1974
f 1974 1952 1964
f 1964 1975 1976
f 1964 1963 1975
f 1963 1977 1975
f 1963 1965 1977
f 1965 1978 1977
f 1965 1966 1978
f 1966 1967 1978
f 1978 1967 1979
f 1967 1968 1979
f 1979 1968 1980
f 1968 1969 1980
f 1980 1969 1981
f 1969 1982 1981
f 1969 1970 1982
f 1970 1983 1982
f 1970 1971 1983
f 1971 1984 1983
f 1971 1972 1984
f 1972 1973 1984
f 1984 1973 1985
f 1973 1974 1985
f 1985 1974 1986
f 1974 1964 1986
f 1986 1964 1976
f 1976 1987 1988
f 1976 1975 1987
f 1975 1989 1987
f 1975 1977 1989
f 1977 1990 1989
f 1977 1978 1990
f 1978 1979 1990
f 1990 1979 1991
f 1979 1980 1991
f 1991 1980 1992
f 1980 1981 1992
f 1992 1981 1993
f 1981 1994 1993
f 1981 1982 1994
f 1982 1995 1994
f 1982 1983 1995
f 1983 1996 1995
f 1983 1984 1996
f 1984 1985 1996
f 1996 1985 1997
f 1985 1986 1997
f 1997 1986 1998
f 1986 1976 1998
f 1998 1976 1988
f 1988 1999 2000
f 1988 1987 1999
f 1987 2001 1999
f 1987 1989 2001
f 1989 2002 2001
f 1989 1990 2002
f 1990 1991 2002
f 2002 1991 2003
f 1991 1992 2003
f 2003 1992 2004
f 1992 1993 2004
f 2004 1993 2005
f 1993 2006 2005
f 1993 1994 2006
f 1994 2007 2006
f 1994 1995 2007
f 1995 2008 2007
f 1995 1996 2008
f 1996 1997 2008
f 2008 1997 2009
f 1997 1998 2009
f 2009 1998 2010
f 1998 1988 2010
f 2010 1988 2000
f 2000 2011 2012
f 2000 1999 2011
f 1999 2013 2011
f 1999 2001 2013
f 2001 2014 2013
f 2001 2002 2014
f 2002 2003 2014
f 2014 2003 2015
f 2003 2004 2015
f 2015 2004 2016
f 2004 2005 2016
f 2016 2005 2017
f 2005 2018 2017
f 2005 2006 2018
f 2006 2019 2018
f 2006 2007 2019
f 2007 2020 2019
f 2007 2008 2020
f 2008 2009 2020
f 2020 2009 2021
f 2009 2010 2021
f 2021 2010 2022
f 2010 2000 2022
f 2022 2000 2012
f 2012 2023 2024
f 2012 2011 2023
f 2011 2025 2023
f 2011 2013 2025
f 2013 2026 2025
f 2013 2014 2026
f 2014 2015 2026
f 2026 2015 2027
f 2015 2016 2027
f 2027 2016 2028
f 2016 2017 2028
f 2028 2017 2029
f 2017 2030 2029
f 2017 2018 2030
f 2018 2031 2030
f 2018 2019 2031
f 2019 2032 2031
f 2019 2020 2032
f 2020 2021 2032
f 2032 2021 2033
f 2021 2022 2033
f 2033 2022 2034
f 2022 2012 2034
f 2034 2012 2024
f 2024 2035 2036
f 2024 2023 2035
f 2023 2037 2035
f 2023 2025 2037
f 2025 2038 2037
f 2025 2026 2038
f 2026 2027 2038
f 2038 2027 2039
f 2027 2028 2039
f 2039 2028 2040
f 2028 2029 2040
f 2040 2029 2041
f 2029 2042 2041
f 2029 2030 2042
f 2030 2043 2042
f 2030 2031 2043
f 2031 2044 2043
f 2031 2032 2044
f 2032 2033 2044
f 2044 2033 2045
f 2033 2034 2045
f 2045 2034 2046
f 2034 2024 2046
f 2046 2024 2036
f 2036 2047 2048
f 2036 2035 2047
f 2035 2049 2047
f 2035 2037 2049
f 2037 2050 2049
f 2037 2038 2050
f 2038 2039 2050
f 2050 2039 2051
f 2039 2040 2051
f 2051 2040 2052
f 2040 2041 2052
f 2052 2041 2053
f 2041 2054 2053
f 2041 2042 2054
f 2042 2055 2054
f 2042 2043 2055
f 2043 2056 2055
f 2043 2044 2056
f 2044 2045 2056
f 2056 2045 2057
f 2045 2046 2057
f 2057 2046 2058
f 2046 2036 2058
f 2058 2036 2048
f 2048 2059 2060
f 2048 2047 2059
f 2047 2061 2059
f 2047 2049 2061
f 2049 2062 2061
f 2049 2050 2062
f 2050 2051 2062
f 2062 2051 2063
f 2051 2052 2063
f 2063 2052 2064
f 2052 2053 2064
f 2064 2053 2065
f 2053 2066 2065
f 2053 2054 2066
f 2054 2067 2066
f 2054 2055 2067
f 2055 2068 2067
f 2055 2056 2068
f 2056 2057 2068
f 2068 2057 2069
f 2057 2058 2069
f 2069 2058 2070
f 2058 2048 2070
f 2070 2048 2060
f 2060 2071 2072
f 2060 2059 2071
f 2059 2073 2071
f 2059 2061 2073
f 2061 2074 2073
f 2061 2062 2074
f 2062 2063 2074
f 2074 2063 2075
f 2063 2064 2075
f 2075 2064 2076
f 2064 2065 2076
f 2076 2065 2077
f 2065 2078 2077
f 2065 2066 2078
f 2066 2079 2078
f 2066 2067 2079
f 2067 2080 2079
f 2067 2068 2080
f 2068 2069 2080
f 2080 2069 2081
f 2069 2070 2081
f 2081 2070 2082
f 2070 2060 2082
f 2082 2060 2072
f 2072 2083 2084
f 2072 2071 2083
f 2071 2085 2083
f 2071 2073 2085
f 2073 2086 2085
f 2073 2074 2086
f 2074 2075 2086
f 2086 2075 2087
f 2075 2076 2087
f 2087 2076 2088
f 2076 2077 2088
f 2088 2077 2089
f 2077 2090 2089
f 2077 2078 2090
f 2078 2091 2090
f 2078 2079 2091
f 2079 2092 2091
f 2079 2080 2092
f 2080 2081 2092
f 2092 2081 2093
f 2081 2082 2093
f 2093 2082 2094
f 2082 2072 2094
f 2094 2072 2084
f 2084 2095 2096
f 2084 2083 2095
f 2083 2097 2095
f 2083 2085 2097
f 2085 2098 2097
f 2085 2086 2098
f 2086 2087 2098
f 2098 2087 2099
f 2087 2088 2099
f 2099 2088 2100
f 2088 2089 2100
f 2100 2089 2101
f 2089 2102 2101
f 2089 2090 2102
f 2090 2103 2102
f 2090 2091 2103
f 2091 2104 2103
f 2091 2092 2104
f 2092 2093 2104
f 2104 2093 2105
f 2093 2094 2105
f 2105 2094 2106
f 2094 2084 2106
f 2106 2084 2096
f 2096 2107 2108
f 2096 2095 2107
f 2095 2109 2107
f 2095 2097 2109
f 2097 2110 2109
f 2097 2098 2110
f 2098 2099 2110
f 2110 2099 2111
f 2099 2100 2111
f 2111 2100 2112
f 2100 2101 2112
f 2112 2101 2113
f 2101 2114 2113
f 2101 2102 2114
f 2102 2115 2114
f 2102 2103 2115
f 2103 2116 2115
f 2103 2104 2116
f 2104 2105 2116
f 2116 2105 2117
f 2105 2106 2117
f 2117 2106 2118
f 2106 2096 2118
f 2118 2096 2108
f 2108 2119 2120
f 2108 2107 2119
f 2107 2121 2119
f 2107 2109 2121
f 2109 2122 2121
f 2109 2110 2122
f 2110 2111 2122
f 2122 2111 2123
f 2111 2112 2123
f 2123 2112 2124
f 2112 2113 2124
f 2124 2113 2125
f 2113 2126 2125
f 2113 2114 2126
f 2114 2127 2126
f 2114 2115 2127
f 2115 2128 2127
f 2115 2116 2128
f 2116 2117 2128
f 2128 2117 2129
f 2117 2118 2129
f 2129 2118 2130
f 2118 2108 2130
f 2130 2108 2120
f 2120 2131 2132
f 2120 2119 2131
f 2119 2133 2131
f 2119 2121 2133
f 2121 2134 2133
f 2121 2122 2134
f 2122 2123 2134
f 2134 2123 2135
f 2123 2124 2135
f 2135 2124 2136
f 2124 2125 2136
f 2136 2125 2137
f 2125 2138 2137
f 2125 2126 2138
f 2126 2139 2138
f 2126 2127 2139
f 2127 2140 2139
f 2127 2128 2140
f 2128 2129 2140
f 2140 2129 2141
f 2129 2130 2141
f 2141 2130 2142
f 2130 2120 2142
f 2142 2120 2132
f 2132 2143 2144
f 2132 2131 2143
f 2131 2145 2143
f 2131 2133 2145
f 2133 2146 2145
f 2133 2134 2146
f 2134 2135 2146
f 2146 2135 2147
f 2135 2136 2147
f 2147 2136 2148
f 2136 2137 2148
f 2148 2137 2149
f 2137 2150 2149
f 2137 2138 2150
f 2138 2151 2150
f 2138 2139 2151
f 2139 2152 2151
f 2139 2140 2152
f 2140 2141 2152
f 2152 2141 2153
f 2141 2142 2153
f 2153 2142 2154
f 2142 2132 2154
f 2154 2132 2144
f 2144 2143 2155
f 2143 2156 2155
f 2143 2145 2156
f 2145 2157 2156
f 2145 2146 2157
f 2146 2147 2157
f 2157 2147 2158
f 2147 2148 2158
f 2158 2148 2159
f 2148 2149 2159
f 2149 2150 2160
f 2150 2161 2160
f 2150 2151 2161
f 2151 2162 2161
f 2151 2152 2162
f 2152 2153 2162
f 2162 2153 2163
f 2153 2154 2163
f 2163 2154 2164
f 2154 2144 2164
f 2144 2155 2165
f 2155 2166 2165
f 2155 2156 2166
f 2156 2167 2166
f 2156 2157 2167
f 2157 2158 2167
f 2167 2158 2168
f 2158 2159 2168
f 2168 2159 2169
f 2159 2149 2169
f 2149 2160 2169
f 2160 2168 2169
f 2160 2161 2168
f 2161 2167 2168
f 2161 2162 2167
f 2162 2163 2167
f 2167 2163 2166
f 2163 2164 2166
f 2166 2164 2165
f 2164 2144 2165
f 1915 2170 2171
f 1915 2171 1918
f 1918 2171 2172
f 1918 2172 1920
f 1920 2172 2173
f 1920 2173 1922
f 1922 2173 1923
f 2173 2174 1923
f 1923 2174 1925
f 2174 2175 1925
f 1925 2175 1927
f 2175 2176 1927
f 1927 2176 2177
f 1927 2177 1930
f 1930 2177 2178
f 1930 2178 1932
f 1932 2178 2179
f 1932 2179 1934
f 1934 2179 1935
f 2179 2180 1935
f 1935 2180 1937
f 2180 2181 1937
f 1937 2181 1915
f 2181 2170 1915
f 2170 2182 2183
f 2170 2183 2171
f 2171 2183 2184
f 2171 2184 2172
f 2172 2184 2185
f 2172 2185 2173
f 2173 2185 2174
f 2185 2186 2174
f 2174 2186 2175
f 2186 2187 2175
f 2175 2187 2176
f 2187 2188 2176
f 2176 2188 2189
f 2176 2189 2177
f 2177 2189 2190
f 2177 2190 2178
f 2178 2190 2191
f 2178 2191 2179
f 2179 2191 2180
f 2191 2192 2180
f 2180 2192 2181
f 2192 2193 2181
f 2181 2193 2170
f 2193 2182 2170
f 2182 2194 2195
f 2182 2195 2183
f 2183 2195 2196
f 2183 2196 2184
f 2184 2196 2197
f 2184 2197 2185
f 2185 2197 2186
f 2197 2198 2186
f 2186 2198 2187
f 2198 2199 2187
f 2187 2199 2188
f 2199 2200 2188
f 2188 2200 2201
f 2188 2201 2189
f 2189 2201 2202
f 2189 2202 2190
f 2190 2202 2203
f 2190 2203 2191
f 2191 2203 2192
f 2203 2204 2192
f 2192 2204 2193
f 2204 2205 2193
f 2193 2205 2182
f 2205 2194 2182
f 2194 2206 2207
f 2194 2207 2195
f 2195 2207 2208
f 2195 2208 2196
f 2196 2208 2209
f 2196 2209 2197
f 2197 2209 2198
f 2209 2210 2198
f 2198 2210 2199
f 2210 2211 2199
f 2199 2211 2200
f 2211 2212 2200
f 2200 2212 2213
f 2200 2213 2201
f 2201 2213 2214
f 2201 2214 2202
f 2202 2214 2215
f 2202 2215 2203
f 2203 2215 2204
f 2215 2216 2204
f 2204 2216 2205
f 2216 2217 2205
f 2205 2217 2194
f 2217 2206 2194
f 2206 2218 2219
f 2206 2219 2207
f 2207 2219 2220
f 2207 2220 2208
f 2208 2220 2221
f 2208 2221 2209
f 2209 2221 2210
f 2221 2222 2210
f 2210 2222 2211
f 2222 2223 2211
f 2211 2223 2212
f 2223 2224 2212
f 2212 2224 2225
f 2212 2225 2213
f 2213 2225 2226
f 2213 2226 2214
f 2214 2226 2227
f 2214 2227 2215
f 2215 2227 2216
f 2227 2228 2216
f 2216 2228 2217
f 2228 2229 2217
f 2217 2229 2206
f 2229 2218 2206
f 2218 2230 2231
f 2218 2231 2219
f 2219 2231 2232
f 2219 2232 2220
f 2220 2232 2233
f 2220 2233 2221
f 2221 2233 2222
f 2233 2234 2222
f 2222 2234 2223
f 2234 2235 2223
f 2223 2235 2224
f 2235 2236 2224
f 2224 2236 2237
f 2224 2237 2225
f 2225 2237 2238
f 2225 2238 2226
f 2226 2238 2239
f 2226 2239 2227
f 2227 2239 2228
f 2239 2240 2228
f 2228 2240 2229
f 2240 2241 2229
f 2229 2241 2218
f 2241 2230 2218
f 2230 2242 2243
f 2230 2243 2231
f 2231 2243 2244
f 2231 2244 2232
f 2232 2244 2245
f 2232 2245 2233
f 2233 2245 2234
f 2245 2246 2234
f 2234 2246 2235
f 2246 2247 2235
f 2235 2247 2236
f 2247 2248 2236
f 2236 2248 2249
f 2236 2249 2237
f 2237 2249 2250
f 2237 2250 2238
f 2238 2250 2251
f 2238 2251 2239
f 2239 2251 2240
f 2251 2252 2240
f 2240 2252 2241
f 2252 2253 2241
f 2241 2253 2230
f 2253 2242 2230
f 2242 2254 2255
f 2242 2255 2243
f 2243 2255 2256
f 2243 2256 2244
f 2244 2256 2257
f 2244 2257 2245
f 2245 2257 2246
f 2257 2258 2246
f 2246 2258 2247
f 2258 2259 2247
f 2247 2259 2248
f 2259 2260 2248
f 2248 2260 2261
f 2248 2261 2249
f 2249 2261 2262
f 2249 2262 2250
f 2250 2262 2263
f 2250 2263 2251
f 2251 2263 2252
f 2263 2264 2252
f 2252 2264 2253
f 2264 2265 2253
f 2253 2265 2242
f 2265 2254 2242
f 2254 2266 2267
f 2254 2267 2255
f 2255 2267 2268
f 2255 2268 2256
f 2256 2268 2269
f 2256 2269 2257
f 2257 2269 2258
f 2269 2270 2258
f 2258 2270 2259
f 2270 2271 2259
f 2259 2271 2260
f 2271 2272 2260
f 2260 2272 2273
f 2260 2273 2261
f 2261 2273 2274
f 2261 2274 2262
f 2262 2274 2275
f 2262 2275 2263
f 2263 2275 2264
f 2275 2276 2264
f 2264 2276 2265
f 2276 2277 2265
f 2265 2277 2254
f 2277 2266 2254
f 2266 2278 2279
f 2266 2279 2267
f 2267 2279 2280
f 2267 2280 2268
f 2268 2280 2281
f 2268 2281 2269
f 2269 2281 2270
f 2281 2282 2270
f 2270 2282 2271
f 2282 2283 2271
f 2271 2283 2272
f 2283 2284 2272
f 2272 2284 2285
f 2272 2285 2273
f 2273 2285 2286
f 2273 2286 2274
f 2274 2286 2287
f 2274 2287 2275
f 2275 2287 2276
f 2287 2288 2276
f 2276 2288 2277
f 2288 2289 2277
f 2277 2289 2266
f 2289 2278 2266
f 2278 2290 2291
f 2278 2291 2279
f 2279 2291 2292
f 2279 2292 2280
f 2280 2292 2293
f 2280 2293 2281
f 2281 2293 2282
f 2293 2294 2282
f 2282 2294 2283
f 2294 2295 2283
f 2283 2295 2284
f 2295 2296 2284
f 2284 2296 2297
f 2284 2297 2285
f 2285 2297 2298
f 2285 2298 2286
f 2286 2298 2299
f 2286 2299 2287
f 2287 2299 2288
f 2299 2300 2288
f 2288 2300 2289
f 2300 2301 2289
f 2289 2301 2278
f 2301 2290 2278
f 2290 2302 2303
f 2290 2303 2291
f 2291 2303 2304
f 2291 2304 2292
f 2292 2304 2305
f 2292 2305 2293
f 2293 2305 2294
f 2305 2306 2294
f 2294 2306 2295
f 2306 2307 2295
f 2295 2307 2296
f 2307 2308 2296
f 2296 2308 2309
f 2296 2309 2297
f 2297 2309 2310
f 2297 2310 2298
f 2298 2310 2311
f 2298 2311 2299
f 2299 2311 2300
f 2311 2312 2300
f 2300 2312 2301
f 2312 2313 2301
f 2301 2313 2290
f 2313 2302 2290
f 2302 2314 2315
f 2302 2315 2303
f 2303 2315 2316
f 2303 2316 2304
f 2304 2316 2317
f 2304 2317 2305
f 2305 2317 2306
f 2317 2318 2306
f 2306 2318 2307
f 2318 2319 2307
f 2307 2319 2308
f 2319 2320 2308
f 2308 2320 2321
f 2308 2321 2309
f 2309 2321 2322
f 2309 2322 2310
f 2310 2322 2323
f 2310 2323 2311
f 2311 2323 2312
f 2323 2324 2312
f 2312 2324 2313
f 2324 2325 2313
f 2313 2325 2302
f 2325 2314 2302
f 2314 2326 2327
f 2314 2327 2315
f 2315 2327 2328
f 2315 2328 2316
f 2316 2328 2329
f 2316 2329 2317
f 2317 2329 2318
f 2329 2330 2318
f 2318 2330 2319
f 2330 2331 2319
f 2319 2331 2320
f 2331 2332 2320
f 2320 2332 2333
f 2320 2333 2321
f 2321 2333 2334
f 2321 2334 2322
f 2322 2334 2335
f 2322 2335 2323
f 2323 2335 2324
f 2335 2336 2324
f 2324 2336 2325
f 2336 2337 2325
f 2325 2337 2314
f 2337 2326 2314
f 2326 2338 2339
f 2326 2339 2327
f 2327 2339 2340
f 2327 2340 2328
f 2328 2340 2341
f 2328 2341 2329
f 2329 2341 2330
f 2341 2342 2330
f 2330 2342 2331
f 2342 2343 2331
f 2331 2343 2332
f 2343 2344 2332
f 2332 2344 2345
f 2332 2345 2333
f 2333 2345 2346
f 2333 2346 2334
f 2334 2346 2347
f 2334 2347 2335
f 2335 2347 2336
f 2347 2348 2336
f 2336 2348 2337
f 2348 2349 2337
f 2337 2349 2326
f 2349 2338 2326
f 2338 2350 2351
f 2338 2351 2339
f 2339 2351 2352
f 2339 2352 2340
f 2340 2352 2353
f 2340 2353 2341
f 2341 2353 2342
f 2353 2354 2342
f 2342 2354 2343
f 2354 2355 2343
f 2343 2355 2344
f 2355 2356 2344
f 2344 2356 2357
f 2344 2357 2345
f 2345 2357 2358
f 2345 2358 2346
f 2346 2358 2359
f 2346 2359 2347
f 2347 2359 2348
f 2359 2360 2348
f 2348 2360 2349
f 2360 2361 2349
f 2349 2361 2338
f 2361 2350 2338
f 2350 2362 2363
f 2350 2363 2351
f 2351 2363 2364
f 2351 2364 2352
f 2352 2364 2365
f 2352 2365 2353
f 2353 2365 2354
f 2365 2366 2354
f 2354 2366 2355
f 2366 2367 2355
f 2355 2367 2356
f 2367 2368 2356
f 2356 2368 2369
f 2356 2369 2357
f 2357 2369 2370
f 2357 2370 2358
f 2358 2370 2371
f 2358 2371 2359
f 2359 2371 2360
f 2371 2372 2360
f 2360 2372 2361
f 2372 2373 2361
f 2361 2373 2350
f 2373 2362 2350
f 2362 2374 2375
f 2362 2375 2363
f 2363 2375 2376
f 2363 2376 2364
f 2364 2376 2377
f 2364 2377 2365
f 2365 2377 2366
f 2377 2378 2366
f 2366 2378 2367
f 2378 2379 2367
f 2367 2379 2368
f 2379 2380 2368
f 2368 2380 2381
f 2368 2381 2369
f 2369 2381 2382
f 2369 2382 2370
f 2370 2382 2383
f 2370 2383 2371
f 2371 2383 2372
f 2383 2384 2372
f 2372 2384 2373
f 2384 2385 2373
f 2373 2385 2362
f 2385 2374 2362
f 2374 2386 2387
f 2374 2387 2375
f 2375 2387 2388
f 2375 2388 2376
f 2376 2388 2389
f 2376 2389 2377
f 2377 2389 2378
f 2389 2390 2378
f 2378 2390 2379
f 2390 2391 2379
f 2379 2391 2380
f 2391 2392 2380
f 2380 2392 2393
f 2380 2393 2381
f 2381 2393 2394
f 2381 2394 2382
f 2382 2394 2395
f 2382 2395 2383
f 2383 2395 2384
f 2395 2396 2384
f 2384 2396 2385
f 2396 2397 2385
f 2385 2397 2374
f 2397 2386 2374
f 2386 2398 2387
f 2387 2398 2399
f 2387 2399 2388
f 2388 2399 2400
f 2388 2400 2389
f 2389 2400 2390
f 2400 2401 2390
f 2390 2401 2391
f 2401 2402 2391
f 2391 2402 2392
f 2392 2403 2393
f 2393 2403 2404
f 2393 2404 2394
f 2394 2404 2405
f 2394 2405 2395
f 2395 2405 2396
f 2405 2406 2396
f 2396 2406 2397
f 2406 2407 2397
f 2397 2407 2386
f 2386 2408 2398
f 2398 2408 2409
f 2398 2409 2399
f 2399 2409 2410
f 2399 2410 2400
f 2400 2410 2401
f 2410 2411 2401
f 2401 2411 2402
f 2411 2412 2402
f 2402 2412 2392
f 2392 2412 2403
f 2403 2412 2411
f 2403 2411 2404
f 2404 2411 2410
f 2404 2410 2405
f 2405 2410 2406
f 2410 2409 2406
f 2406 2409 2407
f 2409 2408 2407
f 2407 2408 2386
f 2413 2414 2415
f 2414 2416 2415
f 2414 2417 2416
f 2417 2418 2416
f 2417 2419 2418
f 2419 2420 2418
f 2418 2420 2421
f 2420 2422 2421
f 2421 2422 2423
f 2422 2424 2423
f 2424 2422 2425
f 2422 2426 2425
f 2422 2420 2426
f 2420 2427 2426
f 2420 2419 2427
f 2419 2417 2427
f 2427 2417 2428
f 2417 2414 2428
f 2428 2414 2429
f 2414 2413 2429
f 2413 2415 2430
f 2415 2431 2430
f 2415 2416 2431
f 2416 2432 2431
f 2416 2418 2432
f 2418 2421 2432
f 2432 2421 2433
f 2421 2423 2433
f 2433 2423 2434
f 2423 2424 2434
f 2424 2425 2435
f 2425 2436 2435
f 2425 2426 2436
f 2426 2437 2436
f 2426 2427 2437
f 2427 2428 2437
f 2437 2428 2438
f 2428 2429 2438
f 2438 2429 2439
f 2429 2413 2439
f 2413 2440 2441
f 2413 2430 2440
f 2430 2442 2440
f 2430 2431 2442
f 2431 2443 2442
f 2431 2432 2443
f 2432 2433 2443
f 2443 2433 2444
f 2433 2434 2444
f 2444 2434 2445
f 2434 2424 2445
f 2445 2424 2446
f 2424 2447 2446
f 2424 2435 2447
f 2435 2448 2447
f 2435 2436 2448
f 2436 2449 2448
f 2436 2437 2449
f 2437 2438 2449
f 2449 2438 2450
f 2438 2439 2450
f 2450 2439 2451
f 2439 2413 2451
f 2451 2413 2441
f 2441 2452 2453
f 2441 2440 2452
f 2440 2454 2452
f 2440 2442 2454
f 2442 2455 2454
f 2442 2443 2455
f 2443 2444 2455
f 2455 2444 2456
f 2444 2445 2456
f 2456 2445 2457
f 2445 2446 2457
f 2457 2446 2458
f 2446 2459 2458
f 2446 2447 2459
f 2447 2460 2459
f 2447 2448 2460
f 2448 2461 2460
f 2448 2449 2461
f 2449 2450 2461
f 2461 2450 2462
f 2450 2451 2462
f 2462 2451 2463
f 2451 2441 2463
f 2463 2441 2453
f 2453 2464 2465
f 2453 2452 2464
f 2452 2466 2464
f 2452 2454 2466
f 2454 2467 2466
f 2454 2455 2467
f 2455 2456 2467
f 2467 2456 2468
f 2456 2457 2468
f 2468 2457 2469
f 2457 2458 2469
f 2469 2458 2470
f 2458 2471 2470
f 2458 2459 2471
f 2459 2472 2471
f 2459 2460 2472
f 2460 2473 2472
f 2460 2461 2473
f 2461 2462 2473
f 2473 2462 2474
f 2462 2463 2474
f 2474 2463 2475
f 2463 2453 2475
f 2475 2453 2465
f 2465 2476 2477
f 2465 2464 2476
f 2464 2478 2476
f 2464 2466 2478
f 2466 2479 2478
f 2466 2467 2479
f 2467 2468 2479
f 2479 2468 2480
f 2468 2469 2480
f 2480 2469 2481
f 2469 2470 2481
f 2481 2470 2482
f 2470 2483 2482
f 2470 2471 2483
f 2471 2484 2483
f 2471 2472 2484
f 2472 2485 2484
f 2472 2473 2485
f 2473 2474 2485
f 2485 2474 2486
f 2474 2475 2486
f 2486 2475 2487
f 2475 2465 2487
f 2487 2465 2477
f 2477 2488 2489
f 2477 2476 2488
f 2476 2490 2488
f 2476 2478 2490
f 2478 2491 2490
f 2478 2479 2491
f 2479 2480 2491
f 2491 2480 2492
f 2480 2481 2492
f 2492 2481 2493
f 2481 2482 2493
f 2493 2482 2494
f 2482 2495 2494
f 2482 2483 2495
f 2483 2496 2495
f 2483 2484 2496
f 2484 2497 2496
f 2484 2485 2497
f 2485 2486 2497
f 2497 2486 2498
f 2486 2487 2498
f 2498 2487 2499
f 2487 2477 2499
f 2499 2477 2489
f 2489 2500 2501
f 2489 2488 2500
f 2488 2502 2500
f 2488 2490 2502
f 2490 2503 2502
f 2490 2491 2503
f 2491 2492 2503
f 2503 2492 2504
f 2492 2493 2504
f 2504 2493 2505
f 2493 2494 2505
f 2505 2494 2506
f 2494 2507 2506
f 2494 2495 2507
f 2495 2508 2507
f 2495 2496 2508
f 2496 2509 2508
f 2496 2497 2509
f 2497 2498 2509
f 2509 2498 2510
f 2498 2499 2510
f 2510 2499 2511
f 2499 2489 2511
f 2511 2489 2501
f 2501 2512 2513
f 2501 2500 2512
f 2500 2514 2512
f 2500 2502 2514
f 2502 2515 2514
f 2502 2503 2515
f 2503 2504 2515
f 2515 2504 2516
f 2504 2505 2516
f 2516 2505 2517
f 2505 2506 2517
f 2517 2506 2518
f 2506 2519 2518
f 2506 2507 2519
f 2507 2520 2519
f 2507 2508 2520
f 2508 2521 2520
f 2508 2509 2521
f 2509 2510 2521
f 2521 2510 2522
f 2510 2511 2522
f 2522 2511 2523
f 2511 2501 2523
f 2523 2501 2513
f 2513 2524 2525
f 2513 2512 2524
f 2512 2526 2524
f 2512 2514 2526
f 2514 2527 2526
f 2514 2515 2527
f 2515 2516 2527
f 2527 2516 2528
f 2516 2517 2528
f 2528 2517 2529
f 2517 2518 2529
f 2529 2518 2530
f 2518 2531 2530
f 2518 2519 2531
f 2519 2532 2531
f 2519 2520 2532
f 2520 2533 2532
f 2520 2521 2533
f 2521 2522 2533
f 2533 2522 2534
f 2522 2523 2534
f 2534 2523 2535
f 2523 2513 2535
f 2535 2513 2525
f 2525 2536 2537
f 2525 2524 2536
f 2524 2538 2536
f 2524 2526 2538
f 2526 2539 2538
f 2526 2527 2539
f 2527 2528 2539
f 2539 2528 2540
f 2528 2529 2540
f 2540 2529 2541
f 2529 2530 2541
f 2541 2530 2542
f 2530 2543 2542
f 2530 2531 2543
f 2531 2544 2543
f 2531 2532 2544
f 2532 2545 2544
f 2532 2533 2545
f 2533 2534 2545
f 2545 2534 2546
f 2534 2535 2546
f 2546 2535 2547
f 2535 2525 2547
f 2547 2525 2537
f 2537 2548 2549
f 2537 2536 2548
f 2536 2550 2548
f 2536 2538 2550
f 2538 2551 2550
f 2538 2539 2551
f 2539 2540 2551
f 2551 2540 2552
f 2540 2541 2552
f 2552 2541 2553
f 2541 2542 2553
f 2553 2542 2554
f 2542 2555 2554
f 2542 2543 2555
f 2543 2556 2555
f 2543 2544 2556
f 2544 2557 2556
f 2544 2545 2557
f 2545 2546 2557
f 2557 2546 2558
f 2546 2547 2558
f 2558 2547 2559
f 2547 2537 2559
f 2559 2537 2549
f 2549 2560 2561
f 2549 2548 2560
f 2548 2562 2560
f 2548 2550 2562
f 2550 2563 2562
f 2550 2551 2563
f 2551 2552 2563
f 2563 2552 2564
f 2552 2553 2564
f 2564 2553 2565
f 2553 2554 2565
f 2565 2554 2566
f 2554 2567 2566
f 2554 2555 2567
f 2555 2568 2567
f 2555 2556 2568
f 2556 2569 2568
f 2556 2557 2569
f 2557 2558 2569
f 2569 2558 2570
f 2558 2559 2570
f 2570 2559 2571
f 2559 2549 2571
f 2571 2549 2561
f 2561 2572 2573
f 2561 2560 2572
f 2560 2574 2572
f 2560 2562 2574
f 2562 2575 2574
f 2562 2563 2575
f 2563 2564 2575
f 2575 2564 2576
f 2564 2565 2576
f 2576 2565 2577
f 2565 2566 2577
f 2577 2566 2578
f 2566 2579 2578
f 2566 2567 2579
f 2567 2580 2579
f 2567 2568 2580
f 2568 2581 2580
f 2568 2569 2581
f 2569 2570 2581
f 2581 2570 2582
f 2570 2571 2582
f 2582 2571 2583
f 2571 2561 2583
f 2583 2561 2573
f 2573 2584 2585
f 2573 2572 2584
f 2572 2586 2584
f 2572 2574 2586
f 2574 2587 2586
f 2574 2575 2587
f 2575 2576 2587
f 2587 2576 2588
f 2576 2577 2588
f 2588 2577 2589
f 2577 2578 2589
f 2589 2578 2590
f 2578 2591 2590
f 2578 2579 2591
f 2579 2592 2591
f 2579 2580 2592
f 2580 2593 2592
f 2580 2581 2593
f 2581 2582 2593
f 2593 2582 2594
f 2582 2583 2594
f 2594 2583 2595
f 2583 2573 2595
f 2595 2573 2585
f 2585 2596 2597
f 2585 2584 2596
f 2584 2598 2596
f 2584 2586 2598
f 2586 2599 2598
f 2586 2587 2599
f 2587 2588 2599
f 2599 2588 2600
f 2588 2589 2600
f 2600 2589 2601
f 2589 2590 2601
f 2601 2590 2602
f 2590 2603 2602
f 2590 2591 2603
f 2591 2604 2603
f 2591 2592 2604
f 2592 2605 2604
f 2592 2593 2605
f 2593 2594 2605
f 2605 2594 2606
f 2594 2595 2606
f 2606 2595 2607
f 2595 2585 2607
f 2607 2585 2597
f 2597 2596 2608
f 2596 2609 2608
f 2596 2598 2609
f 2598 2610 2609
f 2598 2599 2610
f 2599 2600 2610
f 2610 2600 2611
f 2600 2601 2611
f 2611 2601 2612
f 2601 2602 2612
f 2602 2603 2613
f 2603 2614 2613
f 2603 2604 2614
f 2604 2615 2614
f 2604 2605 2615
f 2605 2606 2615
f 2615 2606 2616
f 2606 2607 2616
f 2616 2607 2617
f 2607 2597 2617
f 2597 2608 2618
f 2608 2619 2618
f 2608 2609 2619
f 2609 2620 2619
f 2609 2610 2620
f 2610 2611 2620
f 2620 2611 2621
f 2611 2612 2621
f 2621 2612 2622
f 2612 2602 2622
f 2602 2613 2622
f 2613 2621 2622
f 2613 2614 2621
f 2614 2620 2621
f 2614 2615 2620
f 2615 2616 2620
f 2620 2616 2619
f 2616 2617 2619
f 2619 2617 2618
f 2617 2597 2618
f 2413 2429 2414
f 2414 2429 2428
f 2414 2428 2417
f 2417 2428 2427
f 2417 2427 2419
f 2419 2427 2420
f 2427 2426 2420
f 2420 2426 2422
f 2426 2425 2422
f 2422 2425 2424
f 2424 2423 2422
f 2422 2423 2421
f 2422 2421 2420
f 2420 2421 2418
f 2420 2418 2419
f 2419 2418 2417
f 2418 2416 2417
f 2417 2416 2414
f 2416 2415 2414
f 2414 2415 2413
f 2413 2439 2429
f 2429 2439 2438
f 2429 2438 2428
f 2428 2438 2437
f 2428 2437 2427
f 2427 2437 2426
f 2437 2436 2426
f 2426 2436 2425
f 2436 2435 2425
f 2425 2435 2424
f 2424 2434 2423
f 2423 2434 2433
f 2423 2433 2421
f 2421 2433 2432
f 2421 2432 2418
f 2418 2432 2416
f 2432 2431 2416
f 2416 2431 2415
f 2431 2430 2415
f 2415 2430 2413
f 2413 2441 2451
f 2413 2451 2439
f 2439 2451 2450
f 2439 2450 2438
f 2438 2450 2449
f 2438 2449 2437
f 2437 2449 2436
f 2449 2448 2436
f 2436 2448 2435
f 2448 2447 2435
f 2435 2447 2424
f 2447 2446 2424
f 2424 2446 2445
f 2424 2445 2434
f 2434 2445 2444
f 2434 2444 2433
f 2433 2444 2443
f 2433 2443 2432
f 2432 2443 2431
f 2443 2442 2431
f 2431 2442 2430
f 2442 2440 2430
f 2430 2440 2413
f 2440 2441 2413
f 2441 2453 2463
f 2441 2463 2451
f 2451 2463 2462
f 2451 2462 2450
f 2450 2462 2461
f 2450 2461 2449
f 2449 2461 2448
f 2461 2460 2448
f 2448 2460 2447
f 2460 2459 2447
f 2447 2459 2446
f 2459 2458 2446
f 2446 2458 2457
f 2446 2457 2445
f 2445 2457 2456
f 2445 2456 2444
f 2444 2456 2455
f 2444 2455 2443
f 2443 2455 2442
f 2455 2454 2442
f 2442 2454 2440
f 2454 2452 2440
f 2440 2452 2441
f 2452 2453 2441
f 2453 2465 2475
f 2453 2475 2463
f 2463 2475 2474
f 2463 2474 2462
f 2462 2474 2473
f 2462 2473 2461
f 2461 2473 2460
f 2473 2472 2460
f 2460 2472 2459
f 2472 2471 2459
f 2459 2471 2458
f 2471 2470 2458
f 2458 2470 2469
f 2458 2469 2457
f 2457 2469 2468
f 2457 2468 2456
f 2456 2468 2467
f 2456 2467 2455
f 2455 2467 2454
f 2467 2466 2454
f 2454 2466 2452
f 2466 2464 2452
f 2452 2464 2453
f 2464 2465 2453
f 2465 2477 2487
f 2465 2487 2475
f 2475 2487 2486
f 2475 2486 2474
f 2474 2486 2485
f 2474 2485 2473
f 2473 2485 2472
f 2485 2484 2472
f 2472 2484 2471
f 2484 2483 2471
f 2471 2483 2470
f 2483 2482 2470
f 2470 2482 2481
f 2470 2481 2469
f 2469 2481 2480
f 2469 2480 2468
f 2468 2480 2479
f 2468 2479 2467
f 2467 2479 2466
f 2479 2478 2466
f 2466 2478 2464
f 2478 2476 2464
f 2464 2476 2465
f 2476 2477 2465
f 2477 2489 2499
f 2477 2499 2487
f 2487 2499 2498
f 2487 2498 2486
f 2486 2498 2497
f 2486 2497 2485
f 2485 2497 2484
f 2497 2496 2484
f 2484 2496 2483
f 2496 2495 2483
f 2483 2495 2482
f 2495 2494 2482
f 2482 2494 2493
f 2482 2493 2481
f 2481 2493 2492
f 2481 2492 2480
f 2480 2492 2491
f 2480 2491 2479
f 2479 2491 2478
f 2491 2490 2478
f 2478 2490 2476
f 2490 2488 2476
f 2476 2488 2477
f 2488 2489 2477
f 2489 2501 2511
f 2489 2511 2499
f 2499 2511 2510
f 2499 2510 2498
f 2498 2510 2509
f 2498 2509 2497
f 2497 2509 2496
f 2509 2508 2496
f 2496 2508 2495
f 2508 2507 2495
f 2495 2507 2494
f 2507 2506 2494
f 2494 2506 2505
f 2494 2505 2493
f 2493 2505 2504
f 2493 2504 2492
f 2492 2504 2503
f 2492 2503 2491
f 2491 2503 2490
f 2503 2502 2490
f 2490 2502 2488
f 2502 2500 2488
f 2488 2500 2489
f 2500 2501 2489
f 2501 2513 2523
f 2501 2523 2511
f 2511 2523 2522
f 2511 2522 2510
f 2510 2522 2521
f 2510 2521 2509
f 2509 2521 2508
f 2521 2520 2508
f 2508 2520 2507
f 2520 2519 2507
f 2507 2519 2506
f 2519 2518 2506
f 2506 2518 2517
f 2506 2517 2505
f 2505 2517 2516
f 2505 2516 2504
f 2504 2516 2515
f 2504 2515 2503
f 2503 2515 2502
f 2515 2514 2502
f 2502 2514 2500
f 2514 2512 2500
f 2500 2512 2501
f 2512 2513 2501
f 2513 2525 2535
f 2513 2535 2523
f 2523 2535 2534
f 2523 2534 2522
f 2522 2534 2533
f 2522 2533 2521
f 2521 2533 2520
f 2533 2532 2520
f 2520 2532 2519
f 2532 2531 2519
f 2519 2531 2518
f 2531 2530 2518
f 2518 2530 2529
f 2518 2529 2517
f 2517 2529 2528
f 2517 2528 2516
f 2516 2528 2527
f 2516 2527 2515
f 2515 2527 2514
f 2527 2526 2514
f 2514 2526 2512
f 2526 2524 2512
f 2512 2524 2513
f 2524 2525 2513
f 2525 2537 2547
f 2525 2547 2535
f 2535 2547 2546
f 2535 2546 2534
f 2534 2546 2545
f 2534 2545 2533
f 2533 2545 2532
f 2545 2544 2532
f 2532 2544 2531
f 2544 2543 2531
f 2531 2543 2530
f 2543 2542 2530
f 2530 2542 2541
f 2530 2541 2529
f 2529 2541 2540
f 2529 2540 2528
f 2528 2540 2539
f 2528 2539 2527
f 2527 2539 2526
f 2539 2538 2526
f 2526 2538 2524
f 2538 2536 2524
f 2524 2536 2525
f 2536 2537 2525
f 2537 2549 2559
f 2537 2559 2547
f 2547 2559 2558
f 2547 2558 2546
f 2546 2558 2557
f 2546 2557 2545
f 2545 2557 2544
f 2557 2556 2544
f 2544 2556 2543
f 2556 2555 2543
f 2543 2555 2542
f 2555 2554 2542
f 2542 2554 2553
f 2542 2553 2541
f 2541 2553 2552
f 2541 2552 2540
f 2540 2552 2551
f 2540 2551 2539
f 2539 2551 2538
f 2551 2550 2538
f 2538 2550 2536
f 2550 2548 2536
f 2536 2548 2537
f 2548 2549 2537
f 2549 2561 2571
f 2549 2571 2559
f 2559 2571 2570
f 2559 2570 2558
f 2558 2570 2569
f 2558 2569 2557
f 2557 2569 2556
f 2569 2568 2556
f 2556 2568 2555
f 2568 2567 2555
f 2555 2567 2554
f 2567 2566 2554
f 2554 2566 2565
f 2554 2565 2553
f 2553 2565 2564
f 2553 2564 2552
f 2552 2564 2563
f 2552 2563 2551
f 2551 2563 2550
f 2563 2562 2550
f 2550 2562 2548
f 2562 2560 2548
f 2548 2560 2549
f 2560 2561 2549
f 2561 2573 2583
f 2561 2583 2571
f 2571 2583 2582
f 2571 2582 2570
f 2570 2582 2581
f 2570 2581 2569
f 2569 2581 2568
f 2581 2580 2568
f 2568 2580 2567
f 2580 2579 2567
f 2567 2579 2566
f 2579 2578 2566
f 2566 2578 2577
f 2566 2577 2565
f 2565 2577 2576
f 2565 2576 2564
f 2564 2576 2575
f 2564 2575 2563
f 2563 2575 2562
f 2575 2574 2562
f 2562 2574 2560
f 2574 2572 2560
f 2560 2572 2561
f 2572 2573 2561
f 2573 2585 2595
f 2573 2595 2583
f 2583 2595 2594
f 2583 2594 2582
f 2582 2594 2593
f 2582 2593 2581
f 2581 2593 2580
f 2593 2592 2580
f 2580 2592 2579
f 2592 2591 2579
f 2579 2591 2578
f 2591 2590 2578
f 2578 2590 2589
f 2578 2589 2577
f 2577 2589 2588
f 2577 2588 2576
f 2576 2588 2587
f 2576 2587 2575
f 2575 2587 2574
f 2587 2586 2574
f 2574 2586 2572
f 2586 2584 2572
f 2572 2584 2573
f 2584 2585 2573
f 2585 2597 2607
f 2585 2607 2595
f 2595 2607 2606
f 2595 2606 2594
f 2594 2606 2605
f 2594 2605 2593
f 2593 2605 2592
f 2605 2604 2592
f 2592 2604 2591
f 2604 2603 2591
f 2591 2603 2590
f 2603 2602 2590
f 2590 2602 2601
f 2590 2601 2589
f 2589 2601 2600
f 2589 2600 2588
f 2588 2600 2599
f 2588 2599 2587
f 2587 2599 2586
f 2599 2598 2586
f 2586 2598 2584
f 2598 2596 2584
f 2584 2596 2585
f 2596 2597 2585
f 2597 2617 2607
f 2607 2617 2616
f 2607 2616 2606
f 2606 2616 2615
f 2606 2615 2605
f 2605 2615 2604
f 2615 2614 2604
f 2604 2614 2603
f 2614 2613 2603
f 2603 2613 2602
f 2602 2612 2601
f 2601 2612 2611
f 2601 2611 2600
f 2600 2611 2610
f 2600 2610 2599
f 2599 2610 2598
f 2610 2609 2598
f 2598 2609 2596
f 2609 2608 2596
f 2596 2608 2597
f 2597 2618 2617
f 2617 2618 2619
f 2617 2619 2616
f 2616 2619 2620
f 2616 2620 2615
f 2615 2620 2614
f 2620 2621 2614
f 2614 2621 2613
f 2621 2622 2613
f 2613 2622 2602
f 2602 2622 2612
f 2612 2622 2621
f 2612 2621 2611
f 2611 2621 2620
f 2611 2620 2610
f 2610 2620 2609
f 2620 2619 2609
f 2609 2619 2608
f 2619 2618 2608
f 2608 2618 2597
f 2623 2624 2625
f 2623 2625 2626
f 2623 2626 2627
f 2623 2627 2628
f 2623 2628 2629
f 2623 2629 2630
f 2630 2631 2623
f 2631 2632 2623
f 2632 2633 2623
f 2633 2634 2623
f 2634 2635 2623
f 2635 2636 2623
f 2623 2636 2637
f 2623 2637 2638
f 2623 2638 2639
f 2623 2639 2640
f 2623 2640 2641
f 2623 2641 2642
f 2642 2643 2623
f 2643 2644 2623
f 2644 2645 2623
f 2645 2646 2623
f 2646 2647 2623
f 2647 2624 2623
f 2624 2648 2649
f 2624 2649 2625
f 2625 2649 2650
f 2625 2650 2626
f 2626 2650 2651
f 2626 2651 2627
f 2627 2651 2652
f 2627 2652 2628
f 2628 2652 2653
f 2628 2653 2629
f 2629 2653 2654
f 2629 2654 2630
f 2630 2654 2631
f 2654 2655 2631
f 2631 2655 2632
f 2655 2656 2632
f 2632 2656 2633
f 2656 2657 2633
f 2633 2657 2634
f 2657 2658 2634
f 2634 2658 2635
f 2658 2659 2635
f 2635 2659 2636
f 2659 2660 2636
f 2636 2660 2661
f 2636 2661 2637
f 2637 2661 2662
f 2637 2662 2638
f 2638 2662 2663
f 2638 2663 2639
f 2639 2663 2664
f 2639 2664 2640
f 2640 2664 2665
f 2640 2665 2641
f 2641 2665 2666
f 2641 2666 2642
f 2642 2666 2643
f 2666 2667 2643
f 2643 2667 2644
f 2667 2668 2644
f 2644 2668 2645
f 2668 2669 2645
f 2645 2669 2646
f 2669 2670 2646
f 2646 2670 2647
f 2670 2671 2647
f 2647 2671 2624
f 2671 2648 2624
f 2648 2672 2673
f 2648 2673 2649
f 2649 2673 2674
f 2649 2674 2650
f 2650 2674 2675
f 2650 2675 2651
f 2651 2675 2676
f 2651 2676 2652
f 2652 2676 2677
f 2652 2677 2653
f 2653 2677 2678
f 2653 2678 2654
f 2654 2678 2655
f 2678 2679 2655
f 2655 2679 2656
f 2679 2680 2656
f 2656 2680 2657
f 2680 2681 2657
f 2657 2681 2658
f 2681 2682 2658
f 2658 2682 2659
f 2682 2683 2659
f 2659 2683 2660
f 2683 2684 2660
f 2660 2684 2685
f 2660 2685 2661
f 2661 2685 2686
f 2661 2686 2662
f 2662 2686 2687
f 2662 2687 2663
f 2663 2687 2688
f 2663 2688 2664
f 2664 2688 2689
f 2664 2689 2665
f 2665 2689 2690
f 2665 2690 2666
f 2666 2690 2667
f 2690 2691 2667
f 2667 2691 2668
f 2691 2692 2668
f 2668 2692 2669
f 2692 2693 2669
f 2669 2693 2670
f 2693 2694 2670
f 2670 2694 2671
f 2694 2695 2671
f 2671 2695 2648
f 2695 2672 2648
f 2672 2696 2697
f 2672 2697 2673
f 2673 2697 2698
f 2673 2698 2674
f 2674 2698 2699
f 2674 2699 2675
f 2675 2699 2700
f 2675 2700 2676
f 2676 2700 2701
f 2676 2701 2677
f 2677 2701 2702
f 2677 2702 2678
f 2678 2702 2679
f 2702 2703 2679
f 2679 2703 2680
f 2703 2704 2680
f 2680 2704 2681
f 2704 2705 2681
f 2681 2705 2682
f 2705 2706 2682
f 2682 2706 2683
f 2706 2707 2683
f 2683 2707 2684
f 2707 2708 2684
f 2684 2708 2709
f 2684 2709 2685
f 2685 2709 2710
f 2685 2710 2686
f 2686 2710 2711
f 2686 2711 2687
f 2687 2711 2712
f 2687 2712 2688
f 2688 2712 2713
f 2688 2713 2689
f 2689 2713 2714
f 2689 2714 2690
f 2690 2714 2691
f 2714 2715 2691
f 2691 2715 2692
f 2715 2716 2692
f 2692 2716 2693
f 2716 2717 2693
f 2693 2717 2694
f 2717 2718 2694
f 2694 2718 2695
f 2718 2719 2695
f 2695 2719 2672
f 2719 2696 2672
f 2696 2720 2721
f 2696 2721 2697
f 2697 2721 2722
f 2697 2722 2698
f 2698 2722 2723
f 2698 2723 2699
f 2699 2723 2724
f 2699 2724 2700
f 2700 2724 2725
f 2700 2725 2701
f 2701 2725 2726
f 2701 2726 2702
f 2702 2726 2703
f 2726 2727 2703
f 2703 2727 2704
f 2727 2728 2704
f 2704 2728 2705
f 2728 2729 2705
f 2705 2729 2706
f 2729 2730 2706
f 2706 2730 2707
f 2730 2731 2707
f 2707 2731 2708
f 2731 2732 2708
f 2708 2732 2733
f 2708 2733 2709
f 2709 2733 2734
f 2709 2734 2710
f 2710 2734 2735
f 2710 2735 2711
f 2711 2735 2736
f 2711 2736 2712
f 2712 2736 2737
f 2712 2737 2713
f 2713 2737 2738
f 2713 2738 2714
f 2714 2738 2715
f 2738 2739 2715
f 2715 2739 2716
f 2739 2740 2716
f 2716 2740 2717
f 2740 2741 2717
f 2717 2741 2718
f 2741 2742 2718
f 2718 2742 2719
f 2742 2743 2719
f 2719 2743 2696
f 2743 2720 2696
f 2720 2744 2745
f 2720 2745 2721
f 2721 2745 2746
f 2721 2746 2722
f 2722 2746 2747
f 2722 2747 2723
f 2723 2747 2748
f 2723 2748 2724
f 2724 2748 2749
f 2724 2749 2725
f 2725 2749 2750
f 2725 2750 2726
f 2726 2750 2727
f 2750 2751 2727
f 2727 2751 2728
f 2751 2752 2728
f 2728 2752 2729
f 2752 2753 2729
f 2729 2753 2730
f 2753 2754 2730
f 2730 2754 2731
f 2754 2755 2731
f 2731 2755 2732
f 2755 2756 2732
f 2732 2756 2757
f 2732 2757 2733
f 2733 2757 2758
f 2733 2758 2734
f 2734 2758 2759
f 2734 2759 2735
f 2735 2759 2760
f 2735 2760 2736
f 2736 2760 2761
f 2736 2761 2737
f 2737 2761 2762
f 2737 2762 2738
f 2738 2762 2739
f 2762 2763 2739
f 2739 2763 2740
f 2763 2764 2740
f 2740 2764 2741
f 2764 2765 2741
f 2741 2765 2742
f 2765 2766 2742
f 2742 2766 2743
f 2766 2767 2743
f 2743 2767 2720
f 2767 2744 2720
f 2744 2768 2769
f 2744 2769 2745
f 2745 2769 2770
f 2745 2770 2746
f 2746 2770 2771
f 2746 2771 2747
f 2747 2771 2772
f 2747 2772 2748
f 2748 2772 2773
f 2748 2773 2749
f 2749 2773 2774
f 2749 2774 2750
f 2750 2774 2751
f 2774 2775 2751
f 2751 2775 2752
f 2775 2776 2752
f 2752 2776 2753
f 2776 2777 2753
f 2753 2777 2754
f 2777 2778 2754
f 2754 2778 2755
f 2778 2779 2755
f 2755 2779 2756
f 2779 2780 2756
f 2756 2780 2781
f 2756 2781 2757
f 2757 2781 2782
f 2757 2782 2758
f 2758 2782 2783
f 2758 2783 2759
f 2759 2783 2784
f 2759 2784 2760
f 2760 2784 2785
f 2760 2785 2761
f 2761 2785 2786
f 2761 2786 2762
f 2762 2786 2763
f 2786 2787 2763
f 2763 2787 2764
f 2787 2788 2764
f 2764 2788 2765
f 2788 2789 2765
f 2765 2789 2766
f 2789 2790 2766
f 2766 2790 2767
f 2790 2791 2767
f 2767 2791 2744
f 2791 2768 2744
f 2768 2792 2793
f 2768 2793 2769
f 2769 2793 2794
f 2769 2794 2770
f 2770 2794 2795
f 2770 2795 2771
f 2771 2795 2796
f 2771 2796 2772
f 2772 2796 2797
f 2772 2797 2773
f 2773 2797 2798
f 2773 2798 2774
f 2774 2798 2775
f 2798 2799 2775
f 2775 2799 2776
f 2799 2800 2776
f 2776 2800 2777
f 2800 2801 2777
f 2777 2801 2778
f 2801 2802 2778
f 2778 2802 2779
f 2802 2803 2779
f 2779 2803 2780
f 2803 2804 2780
f 2780 2804 2805
f 2780 2805 2781
f 2781 2805 2806
f 2781 2806 2782
f 2782 2806 2807
f 2782 2807 2783
f 2783 2807 2808
f 2783 2808 2784
f 2784 2808 2809
f 2784 2809 2785
f 2785 2809 2810
f 2785 2810 2786
f 2786 2810 2787
f 2810 2811 2787
f 2787 2811 2788
f 2811 2812 2788
f 2788 2812 2789
f 2812 2813 2789
f 2789 2813 2790
f 2813 2814 2790
f 2790 2814 2791
f 2814 2815 2791
f 2791 2815 2768
f 2815 2792 2768
f 2792 2816 2817
f 2792 2817 2793
f 2793 2817 2818
f 2793 2818 2794
f 2794 2818 2819
f 2794 2819 2795
f 2795 2819 2820
f 2795 2820 2796
f 2796 2820 2821
f 2796 2821 2797
f 2797 2821 2822
f 2797 2822 2798
f 2798 2822 2799
f 2822 2823 2799
f 2799 2823 2800
f 2823 2824 2800
f 2800 2824 2801
f 2824 2825 2801
f 2801 2825 2802
f 2825 2826 2802
f 2802 2826 2803
f 2826 2827 2803
f 2803 2827 2804
f 2827 2828 2804
f 2804 2828 2829
f 2804 2829 2805
f 2805 2829 2830
f 2805 2830 2806
f 2806 2830 2831
f 2806 2831 2807
f 2807 2831 2832
f 2807 2832 2808
f 2808 2832 2833
f 2808 2833 2809
f 2809 2833 2834
f 2809 2834 2810
f 2810 2834 2811
f 2834 2835 2811
f 2811 2835 2812
f 2835 2836 2812
f 2812 2836 2813
f 2836 2837 2813
f 2813 2837 2814
f 2837 2838 2814
f 2814 2838 2815
f 2838 2839 2815
f 2815 2839 2792
f 2839 2816 2792
f 2816 2840 2841
f 2816 2841 2817
f 2817 2841 2842
f 2817 2842 2818
f 2818 2842 2843
f 2818 2843 2819
f 2819 2843 2844
f 2819 2844 2820
f 2820 2844 2845
f 2820 2845 2821
f 2821 2845 2846
f 2821 2846 2822
f 2822 2846 2823
f 2846 2847 2823
f 2823 2847 2824
f 2847 2848 2824
f 2824 2848 2825
f 2848 2849 2825
f 2825 2849 2826
f 2849 2850 2826
f 2826 2850 2827
f 2850 2851 2827
f 2827 2851 2828
f 2851 2852 2828
f 2828 2852 2853
f 2828 2853 2829
f 2829 2853 2854
f 2829 2854 2830
f 2830 2854 2855
f 2830 2855 2831
f 2831 2855 2856
f 2831 2856 2832
f 2832 2856 2857
f 2832 2857 2833
f 2833 2857 2858
f 2833 2858 2834
f 2834 2858 2835
f 2858 2859 2835
f 2835 2859 2836
f 2859 2860 2836
f 2836 2860 2837
f 2860 2861 2837
f 2837 2861 2838
f 2861 2862 2838
f 2838 2862 2839
f 2862 2863 2839
f 2839 2863 2816
f 2863 2840 2816
f 2840 2864 2865
f 2840 2865 2841
f 2841 2865 2866
f 2841 2866 2842
f 2842 2866 2867
f 2842 2867 2843
f 2843 2867 2868
f 2843 2868 2844
f 2844 2868 2869
f 2844 2869 2845
f 2845 2869 2870
f 2845 2870 2846
f 2846 2870 2847
f 2870 2871 2847
f 2847 2871 2848
f 2871 2872 2848
f 2848 2872 2849
f 2872 2873 2849
f 2849 2873 2850
f 2873 2874 2850
f 2850 2874 2851
f 2874 2875 2851
f 2851 2875 2852
f 2875 2876 2852
f 2852 2876 2877
f 2852 2877 2853
f 2853 2877 2878
f 2853 2878 2854
f 2854 2878 2879
f 2854 2879 2855
f 2855 2879 2880
f 2855 2880 2856
f 2856 2880 2881
f 2856 2881 2857
f 2857 2881 2882
f 2857 2882 2858
f 2858 2882 2859
f 2882 2883 2859
f 2859 2883 2860
f 2883 2884 2860
f 2860 2884 2861
f 2884 2885 2861
f 2861 2885 2862
f 2885 2886 2862
f 2862 2886 2863
f 2886 2887 2863
f 2863 2887 2840
f 2887 2864 2840
f 2864 2888 2889
f 2864 2889 2865
f 2865 2889 2890
f 2865 2890 2866
f 2866 2890 2891
f 2866 2891 2867
f 2867 2891 2892
f 2867 2892 2868
f 2868 2892 2893
f 2868 2893 2869
f 2869 2893 2894
f 2869 2894 2870
f 2870 2894 2871
f 2894 2895 2871
f 2871 2895 2872
f 2895 2896 2872
f 2872 2896 2873
f 2896 2897 2873
f 2873 2897 2874
f 2897 2898 2874
f 2874 2898 2875
f 2898 2899 2875
f 2875 2899 2876
f 2899 2900 2876
f 2876 2900 2901
f 2876 2901 2877
f 2877 2901 2902
f 2877 2902 2878
f 2878 2902 2903
f 2878 2903 2879
f 2879 2903 2904
f 2879 2904 2880
f 2880 2904 2905
f 2880 2905 2881
f 2881 2905 2906
f 2881 2906 2882
f 2882 2906 2883
f 2906 2907 2883
f 2883 2907 2884
f 2907 2908 2884
f 2884 2908 2885
f 2908 2909 2885
f 2885 2909 2886
f 2909 2910 2886
f 2886 2910 2887
f 2910 2911 2887
f 2887 2911 2864
f 2911 2888 2864
f 2888 2912 2913
f 2888 2913 2889
f 2889 2913 2914
f 2889 2914 2890
f 2890 2914 2915
f 2890 2915 2891
f 2891 2915 2916
f 2891 2916 2892
f 2892 2916 2917
f 2892 2917 2893
f 2893 2917 2918
f 2893 2918 2894
f 2894 2918 2895
f 2918 2919 2895
f 2895 2919 2896
f 2919 2920 2896
f 2896 2920 2897
f 2920 2921 2897
f 2897 2921 2898
f 2921 2922 2898
f 2898 2922 2899
f 2922 2923 2899
f 2899 2923 2900
f 2923 2924 2900
f 2900 2924 2925
f 2900 2925 2901
f 2901 2925 2926
f 2901 2926 2902
f 2902 2926 2927
f 2902 2927 2903
f 2903 2927 2928
f 2903 2928 2904
f 2904 2928 2929
f 2904 2929 2905
f 2905 2929 2930
f 2905 2930 2906
f 2906 2930 2907
f 2930 2931 2907
f 2907 2931 2908
f 2931 2932 2908
f 2908 2932 2909
f 2932 2933 2909
f 2909 2933 2910
f 2933 2934 2910
f 2910 2934 2911
f 2934 2935 2911
f 2911 2935 2888
f 2935 2912 2888
f 2912 2936 2937
f 2912 2937 2913
f 2913 2937 2938
f 2913 2938 2914
f 2914 2938 2939
f 2914 2939 2915
f 2915 2939 2940
f 2915 2940 2916
f 2916 2940 2941
f 2916 2941 2917
f 2917 2941 2942
f 2917 2942 2918
f 2918 2942 2919
f 2942 2943 2919
f 2919 2943 2920
f 2943 2944 2920
f 2920 2944 2921
f 2944 2945 2921
f 2921 2945 2922
f 2945 2946 2922
f 2922 2946 2923
f 2946 2947 2923
f 2923 2947 2924
f 2947 2948 2924
f 2924 2948 2949
f 2924 2949 2925
f 2925 2949 2950
f 2925 2950 2926
f 2926 2950 2951
f 2926 2951 2927
f 2927 2951 2952
f 2927 2952 2928
f 2928 2952 2953
f 2928 2953 2929
f 2929 2953 2954
f 2929 2954 2930
f 2930 2954 2931
f 2954 2955 2931
f 2931 2955 2932
f 2955 2956 2932
f 2932 2956 2933
f 2956 2957 2933
f 2933 2957 2934
f 2957 2958 2934
f 2934 2958 2935
f 2958 2959 2935
f 2935 2959 2912
f 2959 2936 2912
f 2936 2960 2961
f 2936 2961 2937
f 2937 2961 2962
f 2937 2962 2938
f 2938 2962 2963
f 2938 2963 2939
f 2939 2963 2964
f 2939 2964 2940
f 2940 2964 2965
f 2940 2965 2941
f 2941 2965 2966
f 2941 2966 2942
f 2942 2966 2943
f 2966 2967 2943
f 2943 2967 2944
f 2967 2968 2944
f 2944 2968 2945
f 2968 2969 2945
f 2945 2969 2946
f 2969 2970 2946
f 2946 2970 2947
f 2970 2971 2947
f 2947 2971 2948
f 2971 2972 2948
f 2948 2972 2973
f 2948 2973 2949
f 2949 2973 2974
f 2949 2974 2950
f 2950 2974 2975
f 2950 2975 2951
f 2951 2975 2976
f 2951 2976 2952
f 2952 2976 2977
f 2952 2977 2953
f 2953 2977 2978
f 2953 2978 2954
f 2954 2978 2955
f 2978 2979 2955
f 2955 2979 2956
f 2979 2980 2956
f 2956 2980 2957
f 2980 2981 2957
f 2957 2981 2958
f 2981 2982 2958
f 2958 2982 2959
f 2982 2983 2959
f 2959 2983 2936
f 2983 2960 2936
f 2960 2984 2985
f 2960 2985 2961
f 2961 2985 2986
f 2961 2986 2962
f 2962 2986 2987
f 2962 2987 2963
f 2963 2987 2988
f 2963 2988 2964
f 2964 2988 2989
f 2964 2989 2965
f 2965 2989 2990
f 2965 2990 2966
f 2966 2990 2967
f 2990 2991 2967
f 2967 2991 2968
f 2991 2992 2968
f 2968 2992 2969
f 2992 2993 2969
f 2969 2993 2970
f 2993 2994 2970
f 2970 2994 2971
f 2994 2995 2971
f 2971 2995 2972
f 2995 2996 2972
f 2972 2996 2997
f 2972 2997 2973
f 2973 2997 2998
f 2973 2998 2974
f 2974 2998 2999
f 2974 2999 2975
f 2975 2999 3000
f 2975 3000 2976
f 2976 3000 3001
f 2976 3001 2977
f 2977 3001 3002
f 2977 3002 2978
f 2978 3002 2979
f 3002 3003 2979
f 2979 3003 2980
f 3003 3004 2980
f 2980 3004 2981
f 3004 3005 2981
f 2981 3005 2982
f 3005 3006 2982
f 2982 3006 2983
f 3006 3007 2983
f 2983 3007 2960
f 3007 2984 2960
f 2984 3008 3009
f 2984 3009 2985
f 2985 3009 3010
f 2985 3010 2986
f 2986 3010 3011
f 2986 3011 2987
f 2987 3011 3012
f 2987 3012 2988
f 2988 3012 3013
f 2988 3013 2989
f 2989 3013 3014
f 2989 3014 2990
f 2990 3014 2991
f 3014 3015 2991
f 2991 3015 2992
f 3015 3016 2992
f 2992 3016 2993
f 3016 3017 2993
f 2993 3017 2994
f 3017 3018 2994
f 2994 3018 2995
f 3018 3019 2995
f 2995 3019 2996
f 3019 3020 2996
f 2996 3020 3021
f 2996 3021 2997
f 2997 3021 3022
f 2997 3022 2998
f 2998 3022 3023
f 2998 3023 2999
f 2999 3023 3024
f 2999 3024 3000
f 3000 3024 3025
f 3000 3025 3001
f 3001 3025 3026
f 3001 3026 3002
f 3002 3026 3003
f 3026 3027 3003
f 3003 3027 3004
f 3027 3028 3004
f 3004 3028 3005
f 3028 3029 3005
f 3005 3029 3006
f 3029 3030 3006
f 3006 3030 3007
f 3030 3031 3007
f 3007 3031 2984
f 3031 3008 2984
f 3008 3032 3033
f 3008 3033 3009
f 3009 3033 3034
f 3009 3034 3010
f 3010 3034 3035
f 3010 3035 3011
f 3011 3035 3036
f 3011 3036 3012
f 3012 3036 3037
f 3012 3037 3013
f 3013 3037 3038
f 3013 3038 3014
f 3014 3038 3015
f 3038 3039 3015
f 3015 3039 3016
f 3039 3040 3016
f 3016 3040 3017
f 3040 3041 3017
f 3017 3041 3018
f 3041 3042 3018
f 3018 3042 3019
f 3042 3043 3019
f 3019 3043 3020
f 3043 3044 3020
f 3020 3044 3045
f 3020 3045 3021
f 3021 3045 3046
f 3021 3046 3022
f 3022 3046 3047
f 3022 3047 3023
f 3023 3047 3048
f 3023 3048 3024
f 3024 3048 3049
f 3024 3049 3025
f 3025 3049 3050
f 3025 3050 3026
f 3026 3050 3027
f 3050 3051 3027
f 3027 3051 3028
f 3051 3052 3028
f 3028 3052 3029
f 3052 3053 3029
f 3029 3053 3030
f 3053 3054 3030
f 3030 3054 3031
f 3054 3055 3031
f 3031 3055 3008
f 3055 3032 3008
f 3032 3056 3057
f 3032 3057 3033
f 3033 3057 3058
f 3033 3058 3034
f 3034 3058 3059
f 3034 3059 3035
f 3035 3059 3060
f 3035 3060 3036
f 3036 3060 3061
f 3036 3061 3037
f 3037 3061 3062
f 3037 3062 3038
f 3038 3062 3039
f 3062 3063 3039
f 3039 3063 3040
f 3063 3064 3040
f 3040 3064 3041
f 3064 3065 3041
f 3041 3065 3042
f 3065 3066 3042
f 3042 3066 3043
f 3066 3067 3043
f 3043 3067 3044
f 3067 3068 3044
f 3044 3068 3069
f 3044 3069 3045
f 3045 3069 3070
f 3045 3070 3046
f 3046 3070 3071
f 3046 3071 3047
f 3047 3071 3072
f 3047 3072 3048
f 3048 3072 3073
f 3048 3073 3049
f 3049 3073 3074
f 3049 3074 3050
f 3050 3074 3051
f 3074 3075 3051
f 3051 3075 3052
f 3075 3076 3052
f 3052 3076 3053
f 3076 3077 3053
f 3053 3077 3054
f 3077 3078 3054
f 3054 3078 3055
f 3078 3079 3055
f 3055 3079 3032
f 3079 3056 3032
f 3056 3080 3081
f 3056 3081 3057
f 3057 3081 3082
f 3057 3082 3058
f 3058 3082 3083
f 3058 3083 3059
f 3059 3083 3084
f 3059 3084 3060
f 3060 3084 3085
f 3060 3085 3061
f 3061 3085 3086
f 3061 3086 3062
f 3062 3086 3063
f 3086 3087 3063
f 3063 3087 3064
f 3087 3088 3064
f 3064 3088 3065
f 3088 3089 3065
f 3065 3089 3066
f 3089 3090 3066
f 3066 3090 3067
f 3090 3091 3067
f 3067 3091 3068
f 3091 3092 3068
f 3068 3092 3093
f 3068 3093 3069
f 3069 3093 3094
f 3069 3094 3070
f 3070 3094 3095
f 3070 3095 3071
f 3071 3095 3096
f 3071 3096 3072
f 3072 3096 3097
f 3072 3097 3073
f 3073 3097 3098
f 3073 3098 3074
f 3074 3098 3075
f 3098 3099 3075
f 3075 3099 3076
f 3099 3100 3076
f 3076 3100 3077
f 3100 3101 3077
f 3077 3101 3078
f 3101 3102 3078
f 3078 3102 3079
f 3102 3103 3079
f 3079 3103 3056
f 3103 3080 3056
f 3080 3104 3105
f 3080 3105 3081
f 3081 3105 3106
f 3081 3106 3082
f 3082 3106 3107
f 3082 3107 3083
f 3083 3107 3108
f 3083 3108 3084
f 3084 3108 3109
f 3084 3109 3085
f 3085 3109 3110
f 3085 3110 3086
f 3086 3110 3087
f 3110 3111 3087
f 3087 3111 3088
f 3111 3112 3088
f 3088 3112 3089
f 3112 3113 3089
f 3089 3113 3090
f 3113 3114 3090
f 3090 3114 3091
f 3114 3115 3091
f 3091 3115 3092
f 3115 3116 3092
f 3092 3116 3117
f 3092 3117 3093
f 3093 3117 3118
f 3093 3118 3094
f 3094 3118 3119
f 3094 3119 3095
f 3095 3119 3120
f 3095 3120 3096
f 3096 3120 3121
f 3096 3121 3097
f 3097 3121 3122
f 3097 3122 3098
f 3098 3122 3099
f 3122 3123 3099
f 3099 3123 3100
f 3123 3124 3100
f 3100 3124 3101
f 3124 3125 3101
f 3101 3125 3102
f 3125 3126 3102
f 3102 3126 3103
f 3126 3127 3103
f 3103 3127 3080
f 3127 3104 3080
f 3104 3128 3129
f 3104 3129 3105
f 3105 3129 3130
f 3105 3130 3106
f 3106 3130 3131
f 3106 3131 3107
f 3107 3131 3132
f 3107 3132 3108
f 3108 3132 3133
f 3108 3133 3109
f 3109 3133 3134
f 3109 3134 3110
f 3110 3134 3111
f 3134 3135 3111
f 3111 3135 3112
f 3135 3136 3112
f 3112 3136 3113
f 3136 3137 3113
f 3113 3137 3114
f 3137 3138 3114
f 3114 3138 3115
f 3138 3139 3115
f 3115 3139 3116
f 3139 3140 3116
f 3116 3140 3141
f 3116 3141 3117
f 3117 3141 3142
f 3117 3142 3118
f 3118 3142 3143
f 3118 3143 3119
f 3119 3143 3144
f 3119 3144 3120
f 3120 3144 3145
f 3120 3145 3121
f 3121 3145 3146
f 3121 3146 3122
f 3122 3146 3123
f 3146 3147 3123
f 3123 3147 3124
f 3147 3148 3124
f 3124 3148 3125
f 3148 3149 3125
f 3125 3149 3126
f 3149 3150 3126
f 3126 3150 3127
f 3150 3151 3127
f 3127 3151 3104
f 3151 3128 3104
f 3128 3152 3153
f 3128 3153 3129
f 3129 3153 3154
f 3129 3154 3130
f 3130 3154 3155
f 3130 3155 3131
f 3131 3155 3156
f 3131 3156 3132
f 3132 3156 3157
f 3132 3157 3133
f 3133 3157 3158
f 3133 3158 3134
f 3134 3158 3135
f 3158 3159 3135
f 3135 3159 3136
f 3159 3160 3136
f 3136 3160 3137
f 3160 3161 3137
f 3137 3161 3138
f 3161 3162 3138
f 3138 3162 3139
f 3162 3163 3139
f 3139 3163 3140
f 3163 3164 3140
f 3140 3164 3165
f 3140 3165 3141
f 3141 3165 3166
f 3141 3166 3142
f 3142 3166 3167
f 3142 3167 3143
f 3143 3167 3168
f 3143 3168 3144
f 3144 3168 3169
f 3144 3169 3145
f 3145 3169 3170
f 3145 3170 3146
f 3146 3170 3147
f 3170 3171 3147
f 3147 3171 3148
f 3171 3172 3148
f 3148 3172 3149
f 3172 3173 3149
f 3149 3173 3150
f 3173 3174 3150
f 3150 3174 3151
f 3174 3175 3151
f 3151 3175 3128
f 3175 3152 3128
f 3152 3176 3177
f 3152 3177 3153
f 3153 3177 3178
f 3153 3178 3154
f 3154 3178 3179
f 3154 3179 3155
f 3155 3179 3180
f 3155 3180 3156
f 3156 3180 3181
f 3156 3181 3157
f 3157 3181 3182
f 3157 3182 3158
f 3158 3182 3159
f 3182 3183 3159
f 3159 3183 3160
f 3183 3184 3160
f 3160 3184 3161
f 3184 3185 3161
f 3161 3185 3162
f 3185 3186 3162
f 3162 3186 3163
f 3186 3187 3163
f 3163 3187 3164
f 3187 3188 3164
f 3164 3188 3189
f 3164 3189 3165
f 3165 3189 3190
f 3165 3190 3166
f 3166 3190 3191
f 3166 3191 3167
f 3167 3191 3192
f 3167 3192 3168
f 3168 3192 3193
f 3168 3193 3169
f 3169 3193 3194
f 3169 3194 3170
f 3170 3194 3171
f 3194 3195 3171
f 3171 3195 3172
f 3195 3196 3172
f 3172 3196 3173
f 3196 3197 3173
f 3173 3197 3174
f 3197 3198 3174
f 3174 3198 3175
f 3198 3199 3175
f 3175 3199 3152
f 3199 3176 3152
f 3176 3200 3201
f 3176 3201 3177
f 3177 3201 3202
f 3177 3202 3178
f 3178 3202 3203
f 3178 3203 3179
f 3179 3203 3204
f 3179 3204 3180
f 3180 3204 3205
f 3180 3205 3181
f 3181 3205 3206
f 3181 3206 3182
f 3182 3206 3183
f 3206 3207 3183
f 3183 3207 3184
f 3207 3208 3184
f 3184 3208 3185
f 3208 3209 3185
f 3185 3209 3186
f 3209 3210 3186
f 3186 3210 3187
f 3210 3211 3187
f 3187 3211 3188
f 3211 3212 3188
f 3188 3212 3213
f 3188 3213 3189
f 3189 3213 3214
f 3189 3214 3190
f 3190 3214 3215
f 3190 3215 3191
f 3191 3215 3216
f 3191 3216 3192
f 3192 3216 3217
f 3192 3217 3193
f 3193 3217 3218
f 3193 3218 3194
f 3194 3218 3195
f 3218 3219 3195
f 3195 3219 3196
f 3219 3220 3196
f 3196 3220 3197
f 3220 3221 3197
f 3197 3221 3198
f 3221 3222 3198
f 3198 3222 3199
f 3222 3223 3199
f 3199 3223 3176
f 3223 3200 3176
f 3200 3224 3225
f 3200 3225 3201
f 3201 3225 3226
f 3201 3226 3202
f 3202 3226 3227
f 3202 3227 3203
f 3203 3227 3228
f 3203 3228 3204
f 3204 3228 3229
f 3204 3229 3205
f 3205 3229 3230
f 3205 3230 3206
f 3206 3230 3207
f 3230 3231 3207
f 3207 3231 3208
f 3231 3232 3208
f 3208 3232 3209
f 3232 3233 3209
f 3209 3233 3210
f 3233 3234 3210
f 3210 3234 3211
f 3234 3235 3211
f 3211 3235 3212
f 3235 3236 3212
f 3212 3236 3237
f 3212 3237 3213
f 3213 3237 3238
f 3213 3238 3214
f 3214 3238 3239
f 3214 3239 3215
f 3215 3239 3240
f 3215 3240 3216
f 3216 3240 3241
f 3216 3241 3217
f 3217 3241 3242
f 3217 3242 3218
f 3218 3242 3219
f 3242 3243 3219
f 3219 3243 3220
f 3243 3244 3220
f 3220 3244 3221
f 3244 3245 3221
f 3221 3245 3222
f 3245 3246 3222
f 3222 3246 3223
f 3246 3247 3223
f 3223 3247 3200
f 3247 3224 3200
f 3224 3248 3249
f 3224 3249 3225
f 3225 3249 3250
f 3225 3250 3226
f 3226 3250 3251
f 3226 3251 3227
f 3227 3251 3252
f 3227 3252 3228
f 3228 3252 3253
f 3228 3253 3229
f 3229 3253 3254
f 3229 3254 3230
f 3230 3254 3231
f 3254 3255 3231
f 3231 3255 3232
f 3255 3256 3232
f 3232 3256 3233
f 3256 3257 3233
f 3233 3257 3234
f 3257 3258 3234
f 3234 3258 3235
f 3258 3259 3235
f 3235 3259 3236
f 3259 3260 3236
f 3236 3260 3261
f 3236 3261 3237
f 3237 3261 3262
f 3237 3262 3238
f 3238 3262 3263
f 3238 3263 3239
f 3239 3263 3264
f 3239 3264 3240
f 3240 3264 3265
f 3240 3265 3241
f 3241 3265 3266
f 3241 3266 3242
f 3242 3266 3243
f 3266 3267 3243
f 3243 3267 3244
f 3267 3268 3244
f 3244 3268 3245
f 3268 3269 3245
f 3245 3269 3246
f 3269 3270 3246
f 3246 3270 3247
f 3270 3271 3247
f 3247 3271 3224
f 3271 3248 3224
f 3248 3272 3273
f 3248 3273 3249
f 3249 3273 3274
f 3249 3274 3250
f 3250 3274 3275
f 3250 3275 3251
f 3251 3275 3276
f 3251 3276 3252
f 3252 3276 3277
f 3252 3277 3253
f 3253 3277 3278
f 3253 3278 3254
f 3254 3278 3255
f 3278 3279 3255
f 3255 3279 3256
f 3279 3280 3256
f 3256 3280 3257
f 3280 3281 3257
f 3257 3281 3258
f 3281 3282 3258
f 3258 3282 3259
f 3282 3283 3259
f 3259 3283 3260
f 3283 3284 3260
f 3260 3284 3285
f 3260 3285 3261
f 3261 3285 3286
f 3261 3286 3262
f 3262 3286 3287
f 3262 3287 3263
f 3263 3287 3288
f 3263 3288 3264
f 3264 3288 3289
f 3264 3289 3265
f 3265 3289 3290
f 3265 3290 3266
f 3266 3290 3267
f 3290 3291 3267
f 3267 3291 3268
f 3291 3292 3268
f 3268 3292 3269
f 3292 3293 3269
f 3269 3293 3270
f 3293 3294 3270
f 3270 3294 3271
f 3294 3295 3271
f 3271 3295 3248
f 3295 3272 3248
f 3272 3296 3297
f 3272 3297 3273
f 3273 3297 3298
f 3273 3298 3274
f 3274 3298 3299
f 3274 3299 3275
f 3275 3299 3300
f 3275 3300 3276
f 3276 3300 3301
f 3276 3301 3277
f 3277 3301 3302
f 3277 3302 3278
f 3278 3302 3279
f 3302 3303 3279
f 3279 3303 3280
f 3303 3304 3280
f 3280 3304 3281
f 3304 3305 3281
f 3281 3305 3282
f 3305 3306 3282
f 3282 3306 3283
f 3306 3307 3283
f 3283 3307 3284
f 3307 3308 3284
f 3284 3308 3309
f 3284 3309 3285
f 3285 3309 3310
f 3285 3310 3286
f 3286 3310 3311
f 3286 3311 3287
f 3287 3311 3312
f 3287 3312 3288
f 3288 3312 3313
f 3288 3313 3289
f 3289 3313 3314
f 3289 3314 3290
f 3290 3314 3291
f 3314 3315 3291
f 3291 3315 3292
f 3315 3316 3292
f 3292 3316 3293
f 3316 3317 3293
f 3293 3317 3294
f 3317 3318 3294
f 3294 3318 3295
f 3318 3319 3295
f 3295 3319 3272
f 3319 3296 3272
f 3296 3320 3321
f 3296 3321 3297
f 3297 3321 3322
f 3297 3322 3298
f 3298 3322 3323
f 3298 3323 3299
f 3299 3323 3324
f 3299 3324 3300
f 3300 3324 3325
f 3300 3325 3301
f 3301 3325 3326
f 3301 3326 3302
f 3302 3326 3303
f 3326 3327 3303
f 3303 3327 3304
f 3327 3328 3304
f 3304 3328 3305
f 3328 3329 3305
f 3305 3329 3306
f 3329 3330 3306
f 3306 3330 3307
f 3330 3331 3307
f 3307 3331 3308
f 3331 3332 3308
f 3308 3332 3333
f 3308 3333 3309
f 3309 3333 3334
f 3309 3334 3310
f 3310 3334 3335
f 3310 3335 3311
f 3311 3335 3336
f 3311 3336 3312
f 3312 3336 3337
f 3312 3337 3313
f 3313 3337 3338
f 3313 3338 3314
f 3314 3338 3315
f 3338 3339 3315
f 3315 3339 3316
f 3339 3340 3316
f 3316 3340 3317
f 3340 3341 3317
f 3317 3341 3318
f 3341 3342 3318
f 3318 3342 3319
f 3342 3343 3319
f 3319 3343 3296
f 3343 3320 3296
f 3320 3344 3345
f 3320 3345 3321
f 3321 3345 3346
f 3321 3346 3322
f 3322 3346 3347
f 3322 3347 3323
f 3323 3347 3348
f 3323 3348 3324
f 3324 3348 3349
f 3324 3349 3325
f 3325 3349 3350
f 3325 3350 3326
f 3326 3350 3327
f 3350 3351 3327
f 3327 3351 3328
f 3351 3352 3328
f 3328 3352 3329
f 3352 3353 3329
f 3329 3353 3330
f 3353 3354 3330
f 3330 3354 3331
f 3354 3355 3331
f 3331 3355 3332
f 3355 3356 3332
f 3332 3356 3357
f 3332 3357 3333
f 3333 3357 3358
f 3333 3358 3334
f 3334 3358 3359
f 3334 3359 3335
f 3335 3359 3360
f 3335 3360 3336
f 3336 3360 3361
f 3336 3361 3337
f 3337 3361 3362
f 3337 3362 3338
f 3338 3362 3339
f 3362 3363 3339
f 3339 3363 3340
f 3363 3364 3340
f 3340 3364 3341
f 3364 3365 3341
f 3341 3365 3342
f 3365 3366 3342
f 3342 3366 3343
f 3366 3367 3343
f 3343 3367 3320
f 3367 3344 3320
f 3344 3368 3369
f 3344 3369 3345
f 3345 3369 3370
f 3345 3370 3346
f 3346 3370 3371
f 3346 3371 3347
f 3347 3371 3372
f 3347 3372 3348
f 3348 3372 3373
f 3348 3373 3349
f 3349 3373 3374
f 3349 3374 3350
f 3350 3374 3351
f 3374 3375 3351
f 3351 3375 3352
f 3375 3376 3352
f 3352 3376 3353
f 3376 3377 3353
f 3353 3377 3354
f 3377 3378 3354
f 3354 3378 3355
f 3378 3379 3355
f 3355 3379 3356
f 3379 3380 3356
f 3356 3380 3381
f 3356 3381 3357
f 3357 3381 3382
f 3357 3382 3358
f 3358 3382 3383
f 3358 3383 3359
f 3359 3383 3384
f 3359 3384 3360
f 3360 3384 3385
f 3360 3385 3361
f 3361 3385 3386
f 3361 3386 3362
f 3362 3386 3363
f 3386 3387 3363
f 3363 3387 3364
f 3387 3388 3364
f 3364 3388 3365
f 3388 3389 3365
f 3365 3389 3366
f 3389 3390 3366
f 3366 3390 3367
f 3390 3391 3367
f 3367 3391 3344
f 3391 3368 3344
f 3368 3392 3393
f 3368 3393 3369
f 3369 3393 3394
f 3369 3394 3370
f 3370 3394 3395
f 3370 3395 3371
f 3371 3395 3396
f 3371 3396 3372
f 3372 3396 3397
f 3372 3397 3373
f 3373 3397 3398
f 3373 3398 3374
f 3374 3398 3375
f 3398 3399 3375
f 3375 3399 3376
f 3399 3400 3376
f 3376 3400 3377
f 3400 3401 3377
f 3377 3401 3378
f 3401 3402 3378
f 3378 3402 3379
f 3402 3403 3379
f 3379 3403 3380
f 3403 3404 3380
f 3380 3404 3405
f 3380 3405 3381
f 3381 3405 3406
f 3381 3406 3382
f 3382 3406 3407
f 3382 3407 3383
f 3383 3407 3408
f 3383 3408 3384
f 3384 3408 3409
f 3384 3409 3385
f 3385 3409 3410
f 3385 3410 3386
f 3386 3410 3387
f 3410 3411 3387
f 3387 3411 3388
f 3411 3412 3388
f 3388 3412 3389
f 3412 3413 3389
f 3389 3413 3390
f 3413 3414 3390
f 3390 3414 3391
f 3414 3415 3391
f 3391 3415 3368
f 3415 3392 3368
f 3392 3416 3417
f 3392 3417 3393
f 3393 3417 3418
f 3393 3418 3394
f 3394 3418 3419
f 3394 3419 3395
f 3395 3419 3420
f 3395 3420 3396
f 3396 3420 3421
f 3396 3421 3397
f 3397 3421 3422
f 3397 3422 3398
f 3398 3422 3399
f 3422 3423 3399
f 3399 3423 3400
f 3423 3424 3400
f 3400 3424 3401
f 3424 3425 3401
f 3401 3425 3402
f 3425 3426 3402
f 3402 3426 3403
f 3426 3427 3403
f 3403 3427 3404
f 3427 3428 3404
f 3404 3428 3429
f 3404 3429 3405
f 3405 3429 3430
f 3405 3430 3406
f 3406 3430 3431
f 3406 3431 3407
f 3407 3431 3432
f 3407 3432 3408
f 3408 3432 3433
f 3408 3433 3409
f 3409 3433 3434
f 3409 3434 3410
f 3410 3434 3411
f 3434 3435 3411
f 3411 3435 3412
f 3435 3436 3412
f 3412 3436 3413
f 3436 3437 3413
f 3413 3437 3414
f 3437 3438 3414
f 3414 3438 3415
f 3438 3439 3415
f 3415 3439 3392
f 3439 3416 3392
f 3416 3440 3441
f 3416 3441 3417
f 3417 3441 3442
f 3417 3442 3418
f 3418 3442 3443
f 3418 3443 3419
f 3419 3443 3444
f 3419 3444 3420
f 3420 3444 3445
f 3420 3445 3421
f 3421 3445 3446
f 3421 3446 3422
f 3422 3446 3423
f 3446 3447 3423
f 3423 3447 3424
f 3447 3448 3424
f 3424 3448 3425
f 3448 3449 3425
f 3425 3449 3426
f 3449 3450 3426
f 3426 3450 3427
f 3450 3451 3427
f 3427 3451 3428
f 3451 3452 3428
f 3428 3452 3453
f 3428 3453 3429
f 3429 3453 3454
f 3429 3454 3430
f 3430 3454 3455
f 3430 3455 3431
f 3431 3455 3456
f 3431 3456 3432
f 3432 3456 3457
f 3432 3457 3433
f 3433 3457 3458
f 3433 3458 3434
f 3434 3458 3435
f 3458 3459 3435
f 3435 3459 3436
f 3459 3460 3436
f 3436 3460 3437
f 3460 3461 3437
f 3437 3461 3438
f 3461 3462 3438
f 3438 3462 3439
f 3462 3463 3439
f 3439 3463 3416
f 3463 3440 3416
f 3440 3464 3465
f 3440 3465 3441
f 3441 3465 3466
f 3441 3466 3442
f 3442 3466 3467
f 3442 3467 3443
f 3443 3467 3468
f 3443 3468 3444
f 3444 3468 3469
f 3444 3469 3445
f 3445 3469 3470
f 3445 3470 3446
f 3446 3470 3447
f 3470 3471 3447
f 3447 3471 3448
f 3471 3472 3448
f 3448 3472 3449
f 3472 3473 3449
f 3449 3473 3450
f 3473 3474 3450
f 3450 3474 3451
f 3474 3475 3451
f 3451 3475 3452
f 3475 3476 3452
f 3452 3476 3477
f 3452 3477 3453
f 3453 3477 3478
f 3453 3478 3454
f 3454 3478 3479
f 3454 3479 3455
f 3455 3479 3480
f 3455 3480 3456
f 3456 3480 3481
f 3456 3481 3457
f 3457 3481 3482
f 3457 3482 3458
f 3458 3482 3459
f 3482 3483 3459
f 3459 3483 3460
f 3483 3484 3460
f 3460 3484 3461
f 3484 3485 3461
f 3461 3485 3462
f 3485 3486 3462
f 3462 3486 3463
f 3486 3487 3463
f 3463 3487 3440
f 3487 3464 3440
f 3464 3488 3489
f 3464 3489 3465
f 3465 3489 3490
f 3465 3490 3466
f 3466 3490 3491
f 3466 3491 3467
f 3467 3491 3492
f 3467 3492 3468
f 3468 3492 3493
f 3468 3493 3469
f 3469 3493 3494
f 3469 3494 3470
f 3470 3494 3471
f 3494 3495 3471
f 3471 3495 3472
f 3495 3496 3472
f 3472 3496 3473
f 3496 3497 3473
f 3473 3497 3474
f 3497 3498 3474
f 3474 3498 3475
f 3498 3499 3475
f 3475 3499 3476
f 3499 3500 3476
f 3476 3500 3501
f 3476 3501 3477
f 3477 3501 3502
f 3477 3502 3478
f 3478 3502 3503
f 3478 3503 3479
f 3479 3503 3504
f 3479 3504 3480
f 3480 3504 3505
f 3480 3505 3481
f 3481 3505 3506
f 3481 3506 3482
f 3482 3506 3483
f 3506 3507 3483
f 3483 3507 3484
f 3507 3508 3484
f 3484 3508 3485
f 3508 3509 3485
f 3485 3509 3486
f 3509 3510 3486
f 3486 3510 3487
f 3510 3511 3487
f 3487 3511 3464
f 3511 3488 3464
f 3488 3512 3513
f 3488 3513 3489
f 3489 3513 3514
f 3489 3514 3490
f 3490 3514 3515
f 3490 3515 3491
f 3491 3515 3516
f 3491 3516 3492
f 3492 3516 3517
f 3492 3517 3493
f 3493 3517 3518
f 3493 3518 3494
f 3494 3518 3495
f 3518 3519 3495
f 3495 3519 3496
f 3519 3520 3496
f 3496 3520 3497
f 3520 3521 3497
f 3497 3521 3498
f 3521 3522 3498
f 3498 3522 3499
f 3522 3523 3499
f 3499 3523 3500
f 3523 3524 3500
f 3500 3524 3525
f 3500 3525 3501
f 3501 3525 3526
f 3501 3526 3502
f 3502 3526 3527
f 3502 3527 3503
f 3503 3527 3528
f 3503 3528 3504
f 3504 3528 3529
f 3504 3529 3505
f 3505 3529 3530
f 3505 3530 3506
f 3506 3530 3507
f 3530 3531 3507
f 3507 3531 3508
f 3531 3532 3508
f 3508 3532 3509
f 3532 3533 3509
f 3509 3533 3510
f 3533 3534 3510
f 3510 3534 3511
f 3534 3535 3511
f 3511 3535 3488
f 3535 3512 3488
f 3512 3536 3537
f 3512 3537 3513
f 3513 3537 3538
f 3513 3538 3514
f 3514 3538 3539
f 3514 3539 3515
f 3515 3539 3540
f 3515 3540 3516
f 3516 3540 3541
f 3516 3541 3517
f 3517 3541 3542
f 3517 3542 3518
f 3518 3542 3519
f 3542 3543 3519
f 3519 3543 3520
f 3543 3544 3520
f 3520 3544 3521
f 3544 3545 3521
f 3521 3545 3522
f 3545 3546 3522
f 3522 3546 3523
f 3546 3547 3523
f 3523 3547 3524
f 3547 3548 3524
f 3524 3548 3549
f 3524 3549 3525
f 3525 3549 3550
f 3525 3550 3526
f 3526 3550 3551
f 3526 3551 3527
f 3527 3551 3552
f 3527 3552 3528
f 3528 3552 3553
f 3528 3553 3529
f 3529 3553 3554
f 3529 3554 3530
f 3530 3554 3531
f 3554 3555 3531
f 3531 3555 3532
f 3555 3556 3532
f 3532 3556 3533
f 3556 3557 3533
f 3533 3557 3534
f 3557 3558 3534
f 3534 3558 3535
f 3558 3559 3535
f 3535 3559 3512
f 3559 3536 3512
f 3536 3560 3561
f 3536 3561 3537
f 3537 3561 3562
f 3537 3562 3538
f 3538 3562 3563
f 3538 3563 3539
f 3539 3563 3564
f 3539 3564 3540
f 3540 3564 3565
f 3540 3565 3541
f 3541 3565 3566
f 3541 3566 3542
f 3542 3566 3543
f 3566 3567 3543
f 3543 3567 3544
f 3567 3568 3544
f 3544 3568 3545
f 3568 3569 3545
f 3545 3569 3546
f 3569 3570 3546
f 3546 3570 3547
f 3570 3571 3547
f 3547 3571 3548
f 3571 3572 3548
f 3548 3572 3573
f 3548 3573 3549
f 3549 3573 3574
f 3549 3574 3550
f 3550 3574 3575
f 3550 3575 3551
f 3551 3575 3576
f 3551 3576 3552
f 3552 3576 3577
f 3552 3577 3553
f 3553 3577 3578
f 3553 3578 3554
f 3554 3578 3555
f 3578 3579 3555
f 3555 3579 3556
f 3579 3580 3556
f 3556 3580 3557
f 3580 3581 3557
f 3557 3581 3558
f 3581 3582 3558
f 3558 3582 3559
f 3582 3583 3559
f 3559 3583 3536
f 3583 3560 3536
